TreeID,StandID,Plot,Tag,TempID,PrevYear,Species,PrevStatus,PrevDBH,PrevMS,PrevRT,PrevLA,PrevComments
,CH14,1,84,CH1484,2014,TSHE,2,7,1,1,0,rooted on old log; from 427 5.00 m at 300 deg
,CH14,1,85,CH1485,2014,TSHE,2,6.1,1,1,0,rooted on old log; from 427 5.00 m at 325 deg
,CH14,1,86,CH1486,2014,TSHE,2,6.8,1,1,0,on nurse log; from 905 3.60 m at 165 deg
,CH14,2,86,CH1486,2014,TSHE,2,6.8,1,1,0,on nurse log; from 905 3.60 m at 165 deg
CH14000100001,CH14,1,341,CH14341,1978,PSME,6,51.6,,,,
CH14000100002,CH14,1,342,CH14342,1957,TSHE,6,13,,,,
CH14000100003,CH14,1,343,CH14343,2014,PSME,1,75.3,1,1,10,
CH14000100004,CH14,1,344,CH14344,1986,PSME,6,70.9,,,,
CH14000100005,CH14,1,345,CH14345,1978,TSHE,6,5.1,,,,
CH14000100006,CH14,1,346,CH14346,1978,PSME,6,34.5,,,,
CH14000100007,CH14,1,347,CH14347,1978,PSME,6,52.1,,,,
CH14000100008,CH14,1,348,CH14348,2014,TSHE,1,102.7,1,1,5,
CH14000100009,CH14,1,349,CH14349,1978,PSME,6,53.3,,,,
CH14000100010,CH14,1,350,CH14350,2014,TSHE,1,45.5,1,1,100,
CH14000100011,CH14,1,351,CH14351,1986,TSHE,6,15.5,,,,
CH14000100012,CH14,1,352,CH14352,1984,PSME,6,46.7,,,,
CH14000100013,CH14,1,353,CH14353,2014,PSME,1,69.7,1,1,0,nnt
CH14000100014,CH14,1,354,CH14354,1978,PSME,6,52.1,,,,
CH14000100015,CH14,1,355,CH14355,2014,PSME,1,96.3,1,1,0,
CH14000100016,CH14,1,356,CH14356,2014,TSHE,1,43.4,1,1,0,
CH14000100017,CH14,1,357,CH14357,2014,PSME,1,81.9,1,1,0,
CH14000100018,CH14,1,358,CH14358,2014,TSHE,1,30.6,1,1,0,
CH14000100019,CH14,1,359,CH14359,1983,PSME,6,44.2,,,,
CH14000100020,CH14,1,360,CH14360,2014,PSME,6,70.5,,,,
CH14000100021,CH14,1,361,CH14361,1978,PSME,6,52.3,,,,
CH14000100022,CH14,1,362,CH14362,1984,TSHE,6,74.9,,,,
CH14000100023,CH14,1,363,CH14363,1978,PSME,6,61.5,,,,
CH14000100024,CH14,1,364,CH14364,2014,TSHE,1,39.3,1,1,5,
CH14000100025,CH14,1,365,CH14365,2014,TSHE,1,81.3,1,1,0,
CH14000100026,CH14,1,366,CH14366,2014,TSHE,1,16.8,1,1,0,
CH14000100027,CH14,1,367,CH14367,2014,PSME,1,77.6,1,1,0,
CH14000100028,CH14,1,368,CH14368,2014,PSME,1,77,1,1,0,
CH14000100029,CH14,1,369,CH14369,1978,TSHE,6,73.7,,,,
CH14000100030,CH14,1,370,CH14370,2014,PSME,1,70.1,1,1,0,
CH14000100031,CH14,1,371,CH14371,2014,PSME,1,66,1,1,0,stmswp
CH14000100032,CH14,1,372,CH14372,2014,TSHE,1,37,1,1,0,stmswp
CH14000100033,CH14,1,373,CH14373,2014,PSME,1,71.2,1,1,0,
CH14000100034,CH14,1,374,CH14374,2014,PSME,1,67.8,1,1,5,
CH14000100035,CH14,1,375,CH14375,1978,PISI,6,15.5,,,,
CH14000100036,CH14,1,376,CH14376,1978,PSME,6,51.6,,,,
CH14000100037,CH14,1,377,CH14377,2014,PSME,1,51.1,1,1,0,
CH14000100038,CH14,1,378,CH14378,1978,ALRU2,6,29.7,,,,
CH14000100039,CH14,1,379,CH14379,2014,PISI,1,44.6,1,1,5,
CH14000100040,CH14,1,380,CH14380,2014,TSHE,1,17.7,1,1,5,
CH14000100041,CH14,1,381,CH14381,1978,TSHE,6,8.6,,,,
CH14000100042,CH14,1,382,CH14382,2014,TSHE,1,93.8,1,1,5,
CH14000100043,CH14,1,383,CH14383,1978,TSHE,6,27.2,,,,
CH14000100044,CH14,1,384,CH14384,2014,TSHE,1,15.7,1,1,0,
CH14000100045,CH14,1,385,CH14385,1983,TSHE,6,23.1,,,,
CH14000100046,CH14,1,386,CH14386,2014,TSHE,1,55.8,1,1,0,
CH14000100047,CH14,1,387,CH14387,1978,PSME,6,53.3,,,,
CH14000100048,CH14,1,388,CH14388,1946,TSHE,6,17.8,,,,
CH14000100049,CH14,1,389,CH14389,2014,PSME,1,77.4,1,1,0,
CH14000100050,CH14,1,390,CH14390,1983,PSME,6,46.7,,,,
CH14000100051,CH14,1,391,CH14391,2014,TSHE,1,23.5,1,1,10,
CH14000100052,CH14,1,392,CH14392,2014,TSHE,1,37,1,1,0,
CH14000100053,CH14,1,393,CH14393,1999,TSHE,6,10.5,,,,
CH14000100054,CH14,1,394,CH14394,2014,PSME,1,100.5,1,1,0,
CH14000100055,CH14,1,395,CH14395,2014,PSME,1,85.4,1,1,5,
CH14000100056,CH14,1,396,CH14396,2014,TSHE,1,38.2,1,1,5,
CH14000100057,CH14,1,397,CH14397,2014,TSHE,1,29.5,1,1,0,
CH14000100058,CH14,1,398,CH14398,1946,TSHE,6,10.7,,,,
CH14000100059,CH14,1,399,CH14399,1951,ALRU2,6,41.1,,,,
CH14000100060,CH14,1,400,CH14400,1978,ALRU2,6,41.1,,,,
CH14000100061,CH14,1,401,CH14401,1985,TSHE,6,24.9,,,,
CH14000100062,CH14,1,402,CH14402,2014,TSHE,1,60,1,1,0,tag replaced
CH14000100063,CH14,1,403,CH14403,2014,PSME,1,113.5,1,1,0,
CH14000100064,CH14,1,404,CH14404,1978,PISI,6,16,,,,
CH14000100065,CH14,1,405,CH14405,1984,PSME,6,71.1,,,,
CH14000100066,CH14,1,406,CH14406,2009,TSHE,6,21.1,,,,
CH14000100067,CH14,1,407,CH14407,1984,PSME,6,72.4,,,,
CH14000100068,CH14,1,408,CH14408,1999,TSHE,6,65.9,,,,
CH14000100069,CH14,1,409,CH14409,1978,PSME,6,78.2,,,,
CH14000100070,CH14,1,410,CH14410,1986,TSHE,6,6.6,,,,
CH14000100071,CH14,1,411,CH14411,2004,TSHE,6,58.8,,,,
CH14000100072,CH14,1,412,CH14412,1957,TSHE,6,7.4,,,,
CH14000100073,CH14,1,413,CH14413,2014,TSHE,1,17.3,1,1,0,
CH14000100074,CH14,1,414,CH14414,1978,PSME,6,49.3,,,,
CH14000100075,CH14,1,415,CH14415,1978,PSME,6,42.4,,,,
CH14000100076,CH14,1,416,CH14416,1978,PISI,6,17.3,,,,
CH14000100077,CH14,1,417,CH14417,1986,PSME,6,51.3,,,,
CH14000100078,CH14,1,418,CH14418,1984,TSHE,6,40.1,,,,
CH14000100079,CH14,1,419,CH14419,2009,PSME,6,97.9,,,,
CH14000100080,CH14,1,420,CH14420,1978,PSME,6,43.4,,,,
CH14000100081,CH14,1,421,CH14421,2014,TSHE,1,50.8,1,1,0,
CH14000100082,CH14,1,422,CH14422,2014,PSME,1,76,1,1,0,dbh= 76.0
CH14000100083,CH14,1,423,CH14423,2014,TSHE,1,13.5,1,1,0,
CH14000100084,CH14,1,424,CH14424,2014,TSHE,6,27.3,,,,
CH14000100085,CH14,1,425,CH14425,2009,TSHE,6,17.9,,,,
CH14000100086,CH14,1,426,CH14426,2014,PSME,1,71.8,1,1,0,"burl, pitch"
CH14000100087,CH14,1,427,CH14427,2014,TSHE,1,19.2,1,1,0,
CH14000100088,CH14,1,428,CH14428,1978,TSHE,6,21.1,,,,
CH14000100089,CH14,1,429,CH14429,1978,TSHE,6,5.1,,,,
CH14000100090,CH14,1,430,CH14430,2009,TSHE,6,31.8,,,,
CH14000100091,CH14,1,431,CH14431,1978,PSME,6,45.5,,,,
CH14000100092,CH14,1,432,CH14432,2014,TSHE,6,20.3,,,,
CH14000100093,CH14,1,433,CH14433,1984,PSME,6,71.1,,,,/m 1997
CH14000100094,CH14,1,434,CH14434,1989,TSHE,6,17.8,,,,"change number from 6234 to 434, dead '89"
CH14000100095,CH14,1,435,CH14435,2014,PSME,1,83.4,1,1,0,stmswp
CH14000100096,CH14,1,436,CH14436,2009,TSHE,6,45.6,,,,
CH14000100097,CH14,1,437,CH14437,1978,PSME,6,71.1,,,,
CH14000100098,CH14,1,438,CH14438,2009,TSHE,6,22.9,,,,"did not find tag, but right in # sequence"
CH14000100099,CH14,1,439,CH14439,1978,PSME,6,61.5,,,,
CH14000100100,CH14,1,440,CH14440,1978,TSHE,6,5.3,,,,
CH14000100202,CH14,1,441,CH14441,1994,TSHE,6,7.6,,,,
CH14000100203,CH14,1,442,CH14442,2004,TSHE,6,6.8,,,,flat top
CH14000100204,CH14,1,443,CH14443,2014,TSHE,1,15.5,1,1,0,
CH14000100205,CH14,1,444,CH14444,1994,TSHE,6,4.8,,,,
CH14000100206,CH14,1,445,CH14445,2014,TSHE,1,24,1,1,0,
CH14000100207,CH14,1,446,CH14446,1994,TSHE,6,9.4,,,,
CH14000100208,CH14,1,452,CH14452,2014,TSHE,1,18.9,1,1,0,
CH14000100209,CH14,1,453,CH14453,2004,TSHE,6,19.8,,,,
CH14000100101,CH14,1,901,CH14901,2014,TSHE,1,81.9,1,1,15,gna
CH14000100102,CH14,1,902,CH14902,2014,TSHE,1,33,1,1,20,
CH14000100103,CH14,1,903,CH14903,1957,PSME,6,38.6,,,,
CH14000100104,CH14,1,904,CH14904,1946,TSHE,6,8.4,,,,
CH14000100105,CH14,1,905,CH14905,2014,PSME,1,89.6,1,1,0,
CH14000100106,CH14,1,906,CH14906,1957,PSME,6,39.1,,,,
CH14000100107,CH14,1,907,CH14907,2004,TSHE,6,45.3,,,,top broken
CH14000100108,CH14,1,908,CH14908,2014,PSME,1,89.2,1,1,5,burls
CH14000100109,CH14,1,909,CH14909,1978,PSME,6,55.4,,,,
CH14000100110,CH14,1,910,CH14910,1978,TSHE,6,32.5,,,,
CH14000100111,CH14,1,911,CH14911,2014,TSHE,6,67.8,,,,
CH14000100112,CH14,1,912,CH14912,1994,TSHE,6,59.2,,,,
CH14000100113,CH14,1,913,CH14913,1957,TSHE,6,16.5,,,,
CH14000100114,CH14,1,914,CH14914,1978,PSME,6,38.9,,,,
CH14000100115,CH14,1,915,CH14915,1978,TSHE,6,13.5,,,,
CH14000100116,CH14,1,916,CH14916,1978,PSME,6,51.8,,,,
CH14000100117,CH14,1,917,CH14917,2014,PSME,1,67.8,1,1,0,
CH14000100118,CH14,1,918,CH14918,2014,TSHE,1,30.7,1,1,10,
CH14000100119,CH14,1,919,CH14919,2014,TSHE,1,44.7,1,1,10,
CH14000100120,CH14,1,920,CH14920,1951,TSHE,6,29.2,,,,
CH14000100121,CH14,1,921,CH14921,2014,TSHE,1,102.2,1,1,10,
CH14000100122,CH14,1,922,CH14922,1946,TSHE,6,22.1,,,,
CH14000100123,CH14,1,923,CH14923,2014,PSME,1,92,1,1,0,
CH14000100124,CH14,1,924,CH14924,1978,PSME,6,69.6,,,,
CH14000100125,CH14,1,925,CH14925,2014,TSHE,1,51.6,1,1,15,
CH14000100126,CH14,1,926,CH14926,2014,TSHE,1,12.6,1,1,0,bole scrape
CH14000100127,CH14,1,927,CH14927,2014,PSME,1,117.3,1,1,0,gna
CH14000100128,CH14,1,928,CH14928,2014,PSME,1,107.3,1,1,5,crook at 10m
CH14000100129,CH14,1,929,CH14929,2014,PSME,1,124.1,1,1,0,
CH14000100130,CH14,1,930,CH14930,2014,TSHE,1,13.2,1,1,10,
CH14000100131,CH14,1,931,CH14931,2014,TSHE,1,23.8,1,1,0,
CH14000100132,CH14,1,932,CH14932,2014,PISI,1,60.1,1,1,10,measured 10 cm above the tag
CH14000100133,CH14,1,933,CH14933,2014,PSME,1,67.6,1,1,0,crook
CH14000100134,CH14,1,934,CH14934,2014,TSHE,1,43.4,1,1,0,
CH14000100135,CH14,1,935,CH14935,2014,TSHE,1,27.6,1,1,0,forked top
CH14000100136,CH14,1,936,CH14936,2014,PSME,1,79.8,1,1,0,
CH14000100137,CH14,1,937,CH14937,2014,TSHE,1,18.5,1,1,10,
CH14000100138,CH14,1,938,CH14938,2014,PSME,1,107.2,1,1,0,
CH14000100139,CH14,1,939,CH14939,2014,TSHE,1,28.8,1,1,0,
CH14000100140,CH14,1,940,CH14940,1986,PSME,6,59.7,,,,
CH14000100141,CH14,1,941,CH14941,2014,PSME,1,90.7,1,1,0,
CH14000100142,CH14,1,942,CH14942,1978,PISI,6,6.9,,,,
CH14000100143,CH14,1,943,CH14943,1946,PISI,6,13,,,,
CH14000100144,CH14,1,944,CH14944,2014,PSME,1,64.6,1,1,0,
CH14000100145,CH14,1,945,CH14945,2014,PSME,1,68.4,1,1,0,crook at 12m
CH14000100146,CH14,1,946,CH14946,1978,TSHE,6,73.9,,,,
CH14000100147,CH14,1,947,CH14947,2014,PSME,1,92.2,1,1,0,
CH14000100148,CH14,1,948,CH14948,2014,PISI,6,19.4,,,,
CH14000100149,CH14,1,949,CH14949,2014,PSME,1,58.6,1,1,0,"gna, thin crown"
CH14000100150,CH14,1,950,CH14950,1940,PSME,6,34,,,,
CH14000100151,CH14,1,951,CH14951,2014,TSHE,1,59.7,1,1,5,
CH14000100152,CH14,1,952,CH14952,2014,PSME,1,63,1,1,0,burl at 10m
CH14000100153,CH14,1,953,CH14953,1951,TSHE,6,7.1,,,,
CH14000100154,CH14,1,954,CH14954,1978,PSME,6,49.5,,,,
CH14000100155,CH14,1,955,CH14955,2014,TSHE,1,27.9,1,1,0,
CH14000100156,CH14,1,956,CH14956,2014,PSME,1,94.6,1,1,0,
CH14000100157,CH14,1,957,CH14957,1946,PSME,6,34.8,,,,
CH14000100158,CH14,1,958,CH14958,1946,PISI,6,6.3,,,,
CH14000100159,CH14,1,959,CH14959,1978,PSME,6,43.9,,,,
CH14000100160,CH14,1,960,CH14960,2014,PSME,1,102.5,1,1,0,"swelling/conch, pitching"
CH14000100161,CH14,1,961,CH14961,1946,PSME,6,36.8,,,,
CH14000100162,CH14,1,962,CH14962,2014,TSHE,1,43.8,1,1,0,
CH14000100163,CH14,1,963,CH14963,1983,TSHE,6,19.1,,,,
CH14000100164,CH14,1,964,CH14964,2014,TSHE,6,53.1,,,,
CH14000100165,CH14,1,965,CH14965,2014,PSME,1,68.3,1,1,0,"crook, stmswp"
CH14000100166,CH14,1,966,CH14966,2014,PSME,1,88.5,1,1,5,slight crook in stem
CH14000100167,CH14,1,967,CH14967,2014,TSHE,1,21.5,1,1,0,stmswp
CH14000100168,CH14,1,968,CH14968,1999,PSME,6,60.6,,,,
CH14000100169,CH14,1,969,CH14969,2014,TSHE,6,28.6,,,,
CH14000100170,CH14,1,970,CH14970,2014,PSME,1,120.3,1,1,0,
CH14000100171,CH14,1,971,CH14971,2014,TSHE,1,41.9,1,1,0,
CH14000100172,CH14,1,972,CH14972,2014,PSME,1,89.9,1,1,0,"nnt, pitching"
CH14000100173,CH14,1,973,CH14973,1978,PSME,6,39.4,,,,
CH14000100174,CH14,1,974,CH14974,2014,TSHE,1,27.6,1,1,5,
CH14000100175,CH14,1,975,CH14975,2014,PSME,1,71.9,1,1,0,
CH14000100176,CH14,1,976,CH14976,1957,PSME,6,31.5,,,,
CH14000100177,CH14,1,977,CH14977,2014,PSME,1,66.2,1,1,5,
CH14000100178,CH14,1,978,CH14978,1978,PSME,6,54.1,,,,
CH14000100179,CH14,1,979,CH14979,2014,PSME,1,60.1,1,1,5,gna
CH14000100180,CH14,1,980,CH14980,2014,TSHE,1,32.5,1,1,0,
CH14000100181,CH14,1,981,CH14981,1984,PSME,6,48.8,,,,
CH14000100182,CH14,1,982,CH14982,1986,PSME,6,62.2,,,,
CH14000100183,CH14,1,983,CH14983,2014,PSME,1,81.4,1,1,0,
CH14000100184,CH14,1,984,CH14984,2014,TSHE,1,34.9,1,1,0,
CH14000100185,CH14,1,985,CH14985,2014,PSME,1,55.5,1,1,5,
CH14000100186,CH14,1,986,CH14986,2014,TSHE,1,93.6,1,1,0,sweep
CH14000100187,CH14,1,987,CH14987,2014,TSHE,1,67.7,1,1,0,
CH14000100188,CH14,1,988,CH14988,1978,PSME,6,39.9,,,,
CH14000100189,CH14,1,989,CH14989,2014,PSME,1,81.5,1,1,0,
CH14000100190,CH14,1,990,CH14990,2014,PISI,1,36.5,1,1,0,
CH14000100191,CH14,1,991,CH14991,1983,PSME,6,56.9,,,,
CH14000100192,CH14,1,992,CH14992,2014,PSME,1,106.5,1,1,0,stmswp at base
CH14000100193,CH14,1,993,CH14993,1946,PISI,6,10.2,,,,
CH14000100194,CH14,1,994,CH14994,1984,TSHE,6,18,,,,
CH14000100195,CH14,1,995,CH14995,2014,TSHE,1,102.8,1,1,0,"conks, one fork poor vigor, swelling"
CH14000100196,CH14,1,996,CH14996,2014,PSME,1,77.8,1,1,0,"burls, sparse crown"
CH14000100197,CH14,1,997,CH14997,1978,PISI,6,9.9,,,,
CH14000100198,CH14,1,998,CH14998,2014,TSHE,1,30.6,1,1,0,
CH14000100199,CH14,1,999,CH14999,1951,PSME,6,31.8,,,,
CH14000100200,CH14,1,1000,CH141000,2014,PSME,1,51,1,1,0,
CH14000100220,CH14,1,1500,CH141500,2014,TSHE,1,57.4,1,1,0,"sweep, tag replaced"
CH14000100221,CH14,1,1501,CH141501,2014,TSHE,1,29.4,1,1,0,
CH14000100222,CH14,1,1502,CH141502,2014,TSHE,1,7.9,1,1,0,"crook waist high, tag replaced"
CH14000100223,CH14,1,1503,CH141503,2014,TSHE,1,7.4,1,1,0,sweep at base
CH14000100210,CH14,1,2903,CH142903,2014,TSHE,1,12.4,1,1,0,
CH14000100211,CH14,1,2907,CH142907,2014,TSHE,1,19.2,1,1,0,
CH14000100212,CH14,1,2910,CH142910,2014,TSHE,1,26.2,1,1,0,measured 8cm below
CH14000100213,CH14,1,2915,CH142915,1999,TSHE,6,5.6,,,,
CH14000100214,CH14,1,2916,CH142916,2004,TSHE,6,8.5,,,,"near 453; assumed correct tree, tag not found"
CH14000100201,CH14,1,6213,CH146213,2014,TSHE,1,31.9,1,1,0,
CH14000100218,CH14,1,6701,CH146701,2014,TSHE,1,10.9,1,1,0,
CH14000100219,CH14,1,6706,CH146706,2014,TSHE,1,9.6,1,1,15,sweep
CH14000100215,CH14,1,9410,CH149410,2014,TSHE,1,11,1,1,0,
CH14000100216,CH14,1,9411,CH149411,2014,TSHE,1,8.4,1,1,0,
CH14000100217,CH14,1,9412,CH149412,2014,TSHE,1,14.3,1,1,10,tree is alive
CH41000100001,CH41,1,51,CH4151,1978,PSME,6,56.9,,,,
CH41000100002,CH41,1,52,CH4152,1957,ALRU2,6,39.4,,,,
CH41000100003,CH41,1,53,CH4153,1946,PSME,6,32.8,,,,
CH41000100004,CH41,1,54,CH4154,1978,PSME,6,37.6,,,,
CH41000100005,CH41,1,55,CH4155,2014,PSME,1,61.8,1,1,5,"ddc, conks, sweep"
CH41000100006,CH41,1,56,CH4156,1978,PSME,6,43.4,,,,
CH41000100007,CH41,1,57,CH4157,2014,PSME,1,88.6,1,1,0,
CH41000100008,CH41,1,58,CH4158,2014,PSME,1,88,1,1,5,
CH41000100009,CH41,1,59,CH4159,1946,PSME,6,34.3,,,,
CH41000100010,CH41,1,60,CH4160,2014,PSME,1,60.6,1,1,5,thin crown
CH41000100011,CH41,1,61,CH4161,1978,PSME,6,41.7,,,,
CH41000100012,CH41,1,62,CH4162,2014,PSME,1,61.2,1,1,5,ddc
CH41000100013,CH41,1,63,CH4163,2014,PSME,1,63.6,1,1,10,many conks
CH41000100014,CH41,1,64,CH4164,2014,TSHE,1,94.4,1,1,0,
CH41000100015,CH41,3,65,CH4165,1983,PSME,6,49,,,,
CH41000100015,CH41,1,65,CH4165,1983,PSME,6,49,,,,
CH41000100016,CH41,1,66,CH4166,1946,PSME,6,37.3,,,,
CH41000100017,CH41,1,67,CH4167,2014,PSME,1,95.2,1,1,10,"sweep, pitch sheets"
CH41000100018,CH41,1,68,CH4168,1978,PSME,6,38.6,,,,
CH41000100019,CH41,1,69,CH4169,1994,PSME,6,37.3,,,,
CH41000100020,CH41,1,70,CH4170,1946,PSME,6,31.8,,,,
CH41000100021,CH41,1,71,CH4171,1978,ALRU2,6,33,,,,
CH41000100022,CH41,1,72,CH4172,2014,PSME,1,100.2,1,1,0,
CH41000100023,CH41,1,73,CH4173,2014,PSME,1,65,1,1,15,sweep
CH41000100024,CH41,1,74,CH4174,2014,PSME,1,54.4,1,1,5,
CH41000100025,CH41,1,75,CH4175,1983,PSME,6,47.5,,,,
CH41000100026,CH41,1,76,CH4176,2014,PSME,1,54.1,1,1,10,conks
CH41000100027,CH41,1,77,CH4177,2014,PSME,1,51.3,1,1,10,ddc
CH41000100028,CH41,1,78,CH4178,2014,PSME,1,99.5,1,1,0,
CH41000100029,CH41,1,79,CH4179,2014,PSME,1,65.4,1,1,10,
CH41000100030,CH41,1,80,CH4180,2014,TSHE,1,41.2,1,1,5,
CH41000100031,CH41,1,81,CH4181,2014,PSME,1,62.8,1,1,15,sweep
CH41000100032,CH41,1,82,CH4182,2014,PSME,1,61.5,1,1,15,sweep
CH41000100033,CH41,1,83,CH4183,2014,PISI,6,20.5,,,,
CH41000100034,CH41,1,84,CH4184,2014,TSHE,1,40,1,1,10,
CH41000100035,CH41,1,85,CH4185,1983,PSME,6,34.5,,,,
CH41000100036,CH41,1,86,CH4186,1994,PSME,6,40.6,,,,
CH41000100037,CH41,1,87,CH4187,2014,PSME,1,80.1,1,1,5,
CH41000100038,CH41,1,88,CH4188,1994,PSME,6,55.4,,,,
CH41000100039,CH41,1,89,CH4189,2009,PSME,6,77.1,,,,just a few needles left on lower branch
CH41000100040,CH41,1,90,CH4190,2014,PSME,6,54.7,,,,
CH41000100041,CH41,1,91,CH4191,1983,PSME,6,47.5,,,,
CH41000100042,CH41,1,92,CH4192,1983,PSME,6,35.1,,,,
CH41000100043,CH41,1,93,CH4193,2014,PSME,1,71.8,1,1,10,
CH41000100044,CH41,1,94,CH4194,1978,PSME,6,26.9,,,,
CH41000100045,CH41,1,95,CH4195,2014,PSME,1,63.7,1,1,10,
CH41000100046,CH41,1,96,CH4196,1999,PSME,6,42.7,,,,
CH41000100047,CH41,1,97,CH4197,2014,PSME,1,86.2,1,1,0,
CH41000100048,CH41,1,98,CH4198,2014,PSME,1,85,1,1,0,
CH41000100049,CH41,1,99,CH4199,2014,TSHE,1,40.7,1,1,5,
CH41000100050,CH41,1,100,CH41100,2014,PSME,1,70.8,1,1,0,some pitch sheets
CH41000100051,CH41,1,101,CH41101,1983,PSME,6,51.6,,,,
CH41000100052,CH41,1,102,CH41102,2014,PSME,1,63.5,1,1,5,small crown
CH41000100053,CH41,1,103,CH41103,2014,PSME,6,53.3,,,,
CH41000100054,CH41,1,104,CH41104,2014,TSHE,1,50.8,1,1,10,
CH41000100055,CH41,1,105,CH41105,2004,PSME,6,49.7,,,,
CH41000100056,CH41,1,106,CH41106,2014,PSME,6,86.7,,,,
CH41000100057,CH41,1,107,CH41107,2014,PSME,6,50.8,,,,
CH41000100058,CH41,1,108,CH41108,2014,PSME,6,48.1,,,,
CH41000100059,CH41,1,109,CH41109,1978,PSME,6,41.7,,,,
CH41000100060,CH41,1,110,CH41110,2014,PSME,1,68.7,1,1,10,sweep
CH41000100061,CH41,1,111,CH41111,1989,PSME,6,51.3,,,,
CH41000100062,CH41,1,112,CH41112,2014,PSME,6,78.6,,,,
CH41000100063,CH41,1,113,CH41113,1989,PSME,6,44.5,,,,
CH41000100064,CH41,1,114,CH41114,2014,PSME,1,50,1,1,10,
CH41000100065,CH41,1,115,CH41115,2014,PSME,1,72.5,1,1,5,
CH41000100066,CH41,1,116,CH41116,2014,PSME,1,77.9,1,1,10,"sweep,"
CH41000100067,CH41,1,117,CH41117,2014,PSME,1,46.2,1,1,5,ddc
CH41000100068,CH41,1,118,CH41118,1957,ALRU2,6,45,,,,
CH41000100069,CH41,1,119,CH41119,2014,PSME,1,87.8,1,1,10,sweep
CH41000100070,CH41,1,120,CH41120,2014,PSME,1,55.4,1,1,10,"ddc, sweep"
CH41000100071,CH41,1,121,CH41121,1951,PSME,6,37.3,,,,
CH41000100072,CH41,1,122,CH41122,2014,PSME,1,68.4,1,1,10,
CH41000100073,CH41,1,123,CH41123,2004,PSME,6,47.9,,,,
CH41000100074,CH41,1,124,CH41124,1978,PSME,6,44.5,,,,
CH41000100075,CH41,1,125,CH41125,2014,TSHE,1,36.1,1,1,10,sweep
CH41000100076,CH41,1,126,CH41126,2014,PSME,1,86.5,1,1,5,conks
CH41000100077,CH41,1,127,CH41127,1978,PSME,6,44.7,,,,
CH41000100078,CH41,1,128,CH41128,1978,PSME,6,33,,,,
CH41000100079,CH41,1,129,CH41129,1978,PSME,6,45.2,,,,
CH41000100080,CH41,1,130,CH41130,2014,PSME,1,58.9,1,1,5,
CH41000100081,CH41,1,131,CH41131,2014,PSME,1,54,1,1,5,
CH41000100082,CH41,1,132,CH41132,1957,ALRU2,6,34.5,,,,
CH41000100083,CH41,1,133,CH41133,2014,PSME,1,109.2,1,1,10,
CH41000100084,CH41,1,134,CH41134,2014,PSME,1,100,1,1,5,
CH41000100085,CH41,1,135,CH41135,1985,PSME,6,49,,,,
CH41000100086,CH41,1,136,CH41136,2014,TSHE,1,41.1,1,1,0,
CH41000100087,CH41,1,137,CH41137,2014,PSME,1,50.9,1,1,0,small-crown
CH41000100088,CH41,1,138,CH41138,2009,PSME,6,54.2,,,,
CH41000100089,CH41,1,139,CH41139,2009,TSHE,6,14,,,,
CH41000100090,CH41,1,140,CH41140,2014,PSME,1,78.3,1,1,0,
CH41000100091,CH41,1,141,CH41141,1957,ALRU2,6,31.8,,,,
CH41000100092,CH41,1,142,CH41142,1978,TSHE,6,22.6,,,,
CH41000100093,CH41,1,143,CH41143,2014,PSME,1,63.1,1,1,0,
CH41000100094,CH41,1,144,CH41144,2014,PSME,1,103.7,1,1,0,conks
CH41000100095,CH41,1,145,CH41145,2014,TSHE,1,44.8,1,1,0,
CH41000100096,CH41,1,146,CH41146,1994,PSME,6,49.5,,,,
CH41000100097,CH41,1,147,CH41147,2014,PSME,1,101.3,1,1,0,
CH41000100098,CH41,1,148,CH41148,2014,PSME,1,82.2,1,1,0,"crook,looking up slope"
CH41000100099,CH41,1,149,CH41149,2014,PSME,1,79.6,1,1,0,
CH41000100100,CH41,1,150,CH41150,2014,TSHE,1,59,1,1,0,gna
CH41000100101,CH41,1,151,CH41151,2014,PSME,1,81.7,1,1,0,sweep
CH41000100102,CH41,1,152,CH41152,2014,PSME,1,94.8,1,1,0,sweep
CH41000100103,CH41,1,153,CH41153,1978,PSME,6,34.5,,,,
CH41000100104,CH41,1,154,CH41154,1957,PSME,6,33,,,,
CH41000100105,CH41,1,155,CH41155,1999,PSME,6,53.8,,,,
CH41000100106,CH41,1,156,CH41156,1989,PSME,6,43.4,,,,
CH41000100107,CH41,1,157,CH41157,1978,PSME,6,29.5,,,,
CH41000100108,CH41,1,158,CH41158,1951,PSME,6,31,,,,
CH41000100109,CH41,1,159,CH41159,1957,PSME,6,36.1,,,,
CH41000100110,CH41,1,160,CH41160,1957,PSME,6,31.2,,,,
CH41000100111,CH41,1,161,CH41161,1978,PSME,6,54.1,,,,
CH41000100112,CH41,1,162,CH41162,2014,PSME,6,63.6,,,,
CH41000100113,CH41,1,163,CH41163,2014,PSME,6,121.6,,,,
CH41000100114,CH41,1,164,CH41164,2014,PSME,1,105.3,1,1,5,sweep
CH41000100115,CH41,1,165,CH41165,2014,PSME,1,89.5,1,1,0,conks
CH41000100116,CH41,1,166,CH41166,2014,PSME,1,94.5,1,1,0,
CH41000100117,CH41,1,167,CH41167,2014,PSME,1,90.6,1,1,5,"gna, burl up high, sweep"
CH41000100118,CH41,1,168,CH41168,2014,PSME,1,83.5,1,1,5,"conks, crook, gna"
CH41000100119,CH41,1,169,CH41169,1978,PSME,6,51.8,,,,
CH41000100120,CH41,1,170,CH41170,1946,PREM,6,19.1,,,,
CH41000100121,CH41,1,171,CH41171,2014,PSME,1,91.3,1,1,0,shallow crown
CH41000100122,CH41,1,172,CH41172,1957,PSME,6,36.3,,,,
CH41000100123,CH41,1,173,CH41173,2014,PSME,1,58,1,1,5,near ur corner
CH41000100124,CH41,1,174,CH41174,1957,PSME,6,32.3,,,,
CH41000100125,CH41,1,175,CH41175,2014,TSHE,6,80.6,,,,
CH41000100126,CH41,1,176,CH41176,2014,PSME,1,104.7,1,1,10,difficult to measure
CH41000100127,CH41,1,177,CH41177,1983,ALRU2,6,41.7,,,,
CH41000100128,CH41,1,178,CH41178,2014,TSHE,1,51.6,1,1,0,
CH41000100129,CH41,1,179,CH41179,1985,ALRU2,6,49,,,,
CH41000100130,CH41,1,180,CH41180,2014,PSME,1,81,1,1,0,
CH41000100131,CH41,1,181,CH41181,2014,PSME,1,78.9,1,1,0,sweep
CH41000100132,CH41,1,182,CH41182,2014,PSME,1,91.5,1,1,0,
CH41000100133,CH41,1,183,CH41183,2014,PSME,1,100,1,1,0,crook
CH41000100134,CH41,1,184,CH41184,2014,PSME,1,86.6,1,1,0,"sweep, gna"
CH41000100135,CH41,1,185,CH41185,1983,PSME,6,37.1,,,,
CH41000100136,CH41,1,186,CH41186,2014,PSME,1,73.2,1,1,0,gna
CH41000100137,CH41,1,187,CH41187,1978,ALRU2,6,32.3,,,,
CH41000100138,CH41,1,188,CH41188,2014,PSME,1,110.9,1,1,0,"sweep, gna"
CH41000100139,CH41,1,189,CH41189,1978,PSME,6,29.2,,,,
CH41000100140,CH41,1,190,CH41190,1978,PSME,6,29.5,,,,
CH41000100141,CH41,1,191,CH41191,2014,PSME,1,62.5,1,1,0,
CH41000100142,CH41,1,192,CH41192,2014,PSME,6,51.9,,,,
CH41000100143,CH41,1,193,CH41193,2014,TSHE,1,47.4,1,1,0,tag replaced
CH41000100144,CH41,1,194,CH41194,1957,ALRU2,6,38.9,,,,
CH41000100145,CH41,1,195,CH41195,2014,PSME,1,57.1,1,1,5,
CH41000100146,CH41,1,196,CH41196,2009,PSME,6,50.6,,,,
CH41000100147,CH41,1,197,CH41197,2014,PSME,1,103.8,1,1,0,
CH41000100148,CH41,1,198,CH41198,1978,PSME,6,35.1,,,,
CH41000100149,CH41,1,199,CH41199,2014,PSME,1,62.1,1,1,0,sweep
CH41000100150,CH41,1,200,CH41200,2014,PISI,1,21,1,1,5,
CH41000100151,CH41,1,201,CH41201,2014,PSME,1,78,1,1,0,
CH41000100152,CH41,1,202,CH41202,2009,TSHE,6,8,,,,
CH42000100001,CH42,1,202,CH42202,2014,PSME,1,57.9,1,1,0,
CH42000100002,CH42,1,203,CH42203,1946,ALRU2,6,32,,,,
CH42000100003,CH42,1,204,CH42204,1946,ALRU2,6,36.3,,,,
CH42000100004,CH42,1,205,CH42205,2014,PSME,1,48.1,1,1,0,tag replaced
CH42000100005,CH42,1,206,CH42206,2014,PSME,1,87,1,1,0,"burls, swelling"
CH42000100006,CH42,1,207,CH42207,1999,PSME,6,56.5,,,,
CH42000100007,CH42,1,208,CH42208,2014,PSME,1,66.8,1,1,0,"in plot, sweep"
CH42000100008,CH42,1,209,CH42209,1983,PSME,6,33.8,,,,
CH42000100009,CH42,1,210,CH42210,2014,PSME,1,115.8,1,1,0,"gna, sweep"
CH42000100010,CH42,1,211,CH42211,2014,PSME,1,84.8,2,1,0,"broken top, dying branches"
CH42000100011,CH42,1,212,CH42212,2014,TSHE,1,42.5,1,1,0,
CH42000100012,CH42,1,213,CH42213,1983,PSME,6,78.2,,,,
CH42000100013,CH42,1,214,CH42214,2014,PSME,1,97.2,1,1,0,bole scar 1/3 the way up
CH42000100014,CH42,1,215,CH42215,2014,TSHE,1,52.6,1,1,0,
CH42000100015,CH42,1,216,CH42216,2014,PSME,1,92,1,1,0,
CH42000100016,CH42,1,217,CH42217,1957,PSME,6,31.8,,,,
CH42000100017,CH42,1,218,CH42218,2014,PSME,1,72.3,1,1,0,
CH42000100018,CH42,1,219,CH42219,2014,PSME,1,82,1,1,0,"gna, buttswell, swellings along stem"
CH42000100019,CH42,1,220,CH42220,2014,PSME,1,91,1,1,5,"sweep, gna"
CH42000100020,CH42,1,221,CH42221,2009,TSHE,6,76.1,,,,scar + rot at base
CH42000100021,CH42,1,222,CH42222,2014,TSHE,1,17,1,1,0,
CH42000100022,CH42,1,223,CH42223,2014,TSHE,1,43.2,1,1,10,
CH42000100023,CH42,1,224,CH42224,2014,PSME,1,104.3,1,1,0,gna
CH42000100024,CH42,1,225,CH42225,1994,PSME,6,52.3,,,,
CH42000100025,CH42,1,226,CH42226,2014,PSME,1,70.6,1,1,5,"pitch sheets, dying branches, thin crown"
CH42000100027,CH42,4,228,CH42228,1978,PSME,6,44.2,,,,
CH42000100026,CH42,1,227,CH42227,2014,PSME,1,97,1,1,0,gna
CH42000100027,CH42,1,228,CH42228,1978,PSME,6,44.2,,,,
CH42000100028,CH42,1,229,CH42229,1994,PSME,6,40.4,,,,
CH42000100029,CH42,1,230,CH42230,2014,PSME,1,85,1,1,0,gna
CH42000100030,CH42,1,231,CH42231,1984,PSME,6,56.1,,,,
CH42000100031,CH42,1,232,CH42232,2014,PSME,1,105.3,1,1,0,sweep
CH42000100032,CH42,1,233,CH42233,1946,PSME,6,31,,,,
CH42000100033,CH42,1,234,CH42234,2014,PSME,1,89.4,1,1,0,
CH42000100034,CH42,1,235,CH42235,1951,PSME,6,37.6,,,,
CH42000100035,CH42,1,236,CH42236,1994,PSME,6,77.5,,,,
CH42000100036,CH42,1,237,CH42237,2014,PSME,1,79.5,1,1,10,
CH42000100037,CH42,1,238,CH42238,1946,PSME,6,33,,,,
CH42000100038,CH42,1,239,CH42239,1946,PSME,6,28.4,,,,
CH42000100039,CH42,1,240,CH42240,2014,TSHE,1,54,1,1,0,
CH42000100040,CH42,1,241,CH42241,2014,TSHE,1,24.1,1,1,5,
CH42000100041,CH42,1,242,CH42242,2014,TSHE,1,31.3,1,1,0,
CH42000100042,CH42,1,243,CH42243,1994,PSME,6,52.8,,,,
CH42000100043,CH42,1,244,CH42244,2014,PSME,1,74.4,1,1,0,(at center post)
CH42000100044,CH42,1,245,CH42245,2014,TSHE,6,24,,,,
CH42000100045,CH42,1,246,CH42246,1983,PSME,6,51.3,,,,
CH42000100046,CH42,1,247,CH42247,2014,TSHE,1,17.3,1,1,5,
CH42000100047,CH42,1,248,CH42248,1946,PSME,6,38.4,,,,
CH42000100048,CH42,1,249,CH42249,2014,PSME,1,58.5,1,1,5,ddc
CH42000100049,CH42,1,250,CH42250,2014,TSHE,1,65.4,1,1,0,
CH42000100050,CH42,1,251,CH42251,2014,PSME,1,63.8,1,1,0,
CH42000100051,CH42,1,252,CH42252,1999,PSME,6,61.8,,,,
CH42000100052,CH42,1,253,CH42253,2014,PSME,1,87.2,1,1,0,
CH42000100053,CH42,1,254,CH42254,1978,PSME,6,44.2,,,,
CH42000100054,CH42,1,255,CH42255,2014,PSME,1,71,1,1,0,
CH42000100055,CH42,1,256,CH42256,2014,TSHE,6,91,,,,
CH42000100056,CH42,1,257,CH42257,2014,TSHE,1,30.3,1,1,5,nnt
CH42000100057,CH42,1,258,CH42258,2014,PSME,1,78,1,1,0,gna
CH42000100058,CH42,1,259,CH42259,1946,TSHE,6,4.8,,,,
CH42000100059,CH42,1,260,CH42260,1978,PSME,6,58.2,,,,
CH42000100060,CH42,1,261,CH42261,1999,PSME,6,62.6,,,,
CH42000100061,CH42,1,262,CH42262,2014,PSME,1,97.6,1,1,0,
CH42000100062,CH42,1,263,CH42263,2014,PSME,1,92.3,1,1,0,gna
CH42000100063,CH42,1,264,CH42264,1994,PSME,6,49,,,,
CH42000100064,CH42,1,265,CH42265,1978,PSME,6,23.9,,,,
CH42000100065,CH42,1,266,CH42266,2014,PSME,1,68.1,1,1,0,
CH42000100066,CH42,1,267,CH42267,2014,TSHE,1,47.2,1,1,0,
CH42000100067,CH42,1,268,CH42268,2014,TSHE,1,25.9,1,1,5,
CH42000100068,CH42,1,269,CH42269,2014,PSME,1,90,1,1,0,
CH42000100069,CH42,1,270,CH42270,2009,PSME,6,64.2,,,,
CH42000100070,CH42,1,271,CH42271,2014,PSME,1,57.3,1,1,0,
CH42000100071,CH42,1,272,CH42272,2014,TSHE,1,26.7,1,1,5,
CH42000100072,CH42,1,273,CH42273,2014,PSME,1,53.5,1,1,5,sweep
CH42000100073,CH42,1,274,CH42274,2014,TSHE,1,81.5,1,1,10,stilt
CH42000100074,CH42,1,275,CH42275,2014,PSME,1,89.8,1,1,0,
CH42000100075,CH42,1,276,CH42276,2014,TSHE,1,23,1,1,5,
CH42000100076,CH42,1,277,CH42277,1951,PSME,6,49,,,,
CH42000100077,CH42,1,278,CH42278,2014,PSME,1,88,1,1,5,sweep
CH42000100078,CH42,1,279,CH42279,2014,PSME,1,92,1,1,0,
CH42000100079,CH42,1,280,CH42280,2014,TSHE,1,42.3,1,1,10,
CH42000100080,CH42,1,281,CH42281,1957,PSME,6,36.8,,,,
CH42000100081,CH42,1,282,CH42282,2014,TSHE,1,89.3,1,1,0,
CH42000100082,CH42,1,283,CH42283,2014,TSHE,1,91.8,1,1,0,gna
CH42000100083,CH42,1,284,CH42284,2014,TSHE,1,28.7,1,1,0,
CH42000100084,CH42,1,285,CH42285,2014,PSME,1,94,1,1,0,"burls, sweep"
CH42000100085,CH42,1,286,CH42286,1983,PSME,6,39.6,,,,
CH42000100086,CH42,1,287,CH42287,2014,PSME,1,102,1,1,0,gna
CH42000100087,CH42,1,289,CH42289,2014,TSHE,1,45.6,1,1,0,small fork above bh
CH42000100088,CH42,1,290,CH42290,2014,PSME,1,67.8,1,1,0,"sweep, gna"
CH42000100089,CH42,1,291,CH42291,2014,PSME,1,76.7,1,1,5,
CH42000100090,CH42,1,292,CH42292,2014,PSME,1,89.1,1,1,0,"basal sweep, gna"
CH42000100091,CH42,1,293,CH42293,2014,TSHE,1,44.9,1,1,0,
CH42000100092,CH42,1,294,CH42294,1957,PSME,6,56.6,,,,
CH42000100093,CH42,1,295,CH42295,2014,PSME,1,100,1,1,0,
CH42000100094,CH42,1,296,CH42296,2014,TSHE,1,33.3,1,1,5,
CH42000100095,CH42,1,297,CH42297,2014,PSME,1,45.2,1,1,5,ddc
CH42000100096,CH42,1,298,CH42298,2014,TSHE,1,24.3,1,1,5,
CH42000100097,CH42,1,299,CH42299,1978,TSHE,6,3.3,,,,
CH42000100098,CH42,1,300,CH42300,2014,TSHE,1,28.9,1,1,5,sweep
CH42000100099,CH42,1,301,CH42301,1946,PSME,6,68.8,,,,
CH42000100100,CH42,1,302,CH42302,1946,PSME,6,57.4,,,,
CH42000100101,CH42,1,303,CH42303,1978,PSME,6,43.2,,,,
CH42000100102,CH42,1,304,CH42304,2014,PSME,1,65,1,1,0,leaning at top
CH42000100103,CH42,1,305,CH42305,2014,TSHE,1,31.1,1,1,0,
CH42000100104,CH42,1,306,CH42306,1994,PSME,6,62.2,,,,
CH42000100105,CH42,1,307,CH42307,1946,ALRU2,6,26.7,,,,
CH42000100106,CH42,1,308,CH42308,2014,TSHE,1,39.5,1,1,5,
CH42000100107,CH42,1,309,CH42309,2014,PSME,1,95.4,1,1,0,
CH42000100108,CH42,1,310,CH42310,2014,PSME,1,100.7,1,1,0,
CH42000100109,CH42,1,311,CH42311,1985,PSME,6,68.1,,,,
CH42000100110,CH42,1,312,CH42312,2014,TSHE,1,95.8,1,1,0,
CH42000100111,CH42,1,313,CH42313,1951,PSME,6,75.4,,,,
CH42000100112,CH42,1,314,CH42314,2014,TSHE,1,69.4,1,1,0,
CH42000100113,CH42,1,315,CH42315,2014,TSHE,1,13.2,1,1,0,flat top
CH42000100114,CH42,1,316,CH42316,1946,PSME,6,39.6,,,,
CH42000100115,CH42,1,317,CH42317,2014,PSME,1,56.3,1,1,0,
CH42000100116,CH42,1,319,CH42319,1978,PSME,6,50,,,,
CH42000100117,CH42,1,320,CH42320,1986,PSME,6,56.6,,,,
CH42000100118,CH42,1,321,CH42321,1957,PSME,6,31.2,,,,
CH42000100119,CH42,1,322,CH42322,2014,PSME,1,56.3,1,1,10,
CH42000100120,CH42,1,323,CH42323,2014,PSME,1,69.8,1,1,0,crook
CH42000100121,CH42,1,324,CH42324,2014,PSME,1,103.9,1,1,0,
CH42000100122,CH42,1,325,CH42325,1983,PSME,6,45.7,,,,
CH42000100123,CH42,1,326,CH42326,1957,PSME,6,27.9,,,,
CH42000100124,CH42,1,327,CH42327,2014,TSHE,1,26,1,1,0,
CH42000100125,CH42,1,328,CH42328,1983,PSME,6,41.4,,,,"/m 1989 #328 retagged #29, but remains #328 in data set"
CH42000100126,CH42,1,329,CH42329,1946,PSME,6,62,,,,
CH42000100127,CH42,1,330,CH42330,1978,ALRU2,6,42.7,,,,
CH42000100128,CH42,1,331,CH42331,1978,ALRU2,6,31.2,,,,
CH42000100129,CH42,1,332,CH42332,2014,TSHE,1,45.8,1,1,0,
CH42000100130,CH42,1,333,CH42333,1978,PSME,6,52.1,,,,
CH42000100131,CH42,1,334,CH42334,2014,PSME,1,81.8,1,1,0,gna
CH42000100132,CH42,1,335,CH42335,2014,TSHE,1,30.4,1,1,0,
CH42000100133,CH42,1,336,CH42336,1983,TSHE,6,8.1,,,,
CH42000100134,CH42,1,337,CH42337,1978,TSHE,6,7.6,,,,
CH42000100135,CH42,1,338,CH42338,1978,PSME,6,39.9,,,,
CH42000100136,CH42,1,339,CH42339,1994,TSHE,6,41.4,,,,
CH42000100137,CH42,1,340,CH42340,2014,PSME,1,89.1,1,1,0,
CH42000100138,CH42,1,341,CH42341,2014,TSHE,1,41.8,1,1,10,basal sweep
CH42000100139,CH42,1,342,CH42342,2014,PISI,6,20.6,,,,
CH42000100140,CH42,1,343,CH42343,1978,ALRU2,6,32.5,,,,
CH42000100141,CH42,1,344,CH42344,1978,ALRU2,6,39.1,,,,
CH42000100142,CH42,1,345,CH42345,1978,ALRU2,6,38.1,,,,
CH42000100143,CH42,1,346,CH42346,2014,TSHE,3,65.4,1,1,0,"both stems still alive (346,347), ul"
CH42000100144,CH42,1,347,CH42347,2014,TSHE,3,65.4,1,1,15,alive
CH42000100145,CH42,1,348,CH42348,1984,TSHE,6,7.4,,,,
CH42000100146,CH42,1,349,CH42349,2009,PSME,6,50.6,,,,
CH42000100147,CH42,1,350,CH42350,2014,TSHE,1,107.9,1,1,0,nnt
CH42000100148,CH42,1,351,CH42351,1983,TSHE,6,13,,,,
CH42000100149,CH42,1,352,CH42352,2014,TSHE,1,21.6,1,1,0,
CH42000100150,CH42,1,353,CH42353,1986,PSME,6,51.6,,,,
CH42000100151,CH42,1,354,CH42354,1978,ALRU2,6,34.3,,,,
CH42000100152,CH42,1,355,CH42355,2014,PSME,1,74.2,1,1,0,tag replaced
CH42000100153,CH42,1,356,CH42356,2014,TSHE,1,25.5,1,1,5,
,CH42,1,485,CH42485,2014,TSHE,1,5.8,1,1,5,from 273 2.00 m at 130 deg
CH42000100154,CH42,1,8982,CH428982,2014,TSHE,1,13.1,1,1,5,
GP01000100001,GP01,1,1,GP011,1937,PSME,6,25.9,,,,
GP01000100002,GP01,1,2,GP012,1983,PSME,6,26.7,,,,
GP01000100003,GP01,5,3,GP013,1952,PSME,6,36.6,,,,
GP01000100003,GP01,1,3,GP013,1952,PSME,6,36.6,,,,
GP01000100004,GP01,1,4,GP014,2010,PSME,6,51.2,,,,
GP01000100005,GP01,1,5,GP015,1972,PSME,6,25.7,,,,
GP01000100006,GP01,1,6,GP016,2015,PSME,1,83.5,1,1,0,"bark slough, gna"
GP01000100007,GP01,1,7,GP017,1957,PSME,6,45.5,,,,
GP01000100008,GP01,1,8,GP018,2015,PSME,1,78.1,1,1,0,gna
GP01000100009,GP01,1,9,GP019,2015,PSME,1,48.1,1,1,0,
GP01000100010,GP01,1,10,GP0110,1932,PSME,6,16,,,,
GP01000100011,GP01,1,11,GP0111,1932,PSME,6,35.3,,,,
GP01000100012,GP01,1,12,GP0112,2015,PSME,1,74.1,1,1,0,
GP01000100013,GP01,1,13,GP0113,1937,PSME,6,20.1,,,,
GP01000100014,GP01,1,14,GP0114,1994,PSME,6,49,,,,
GP01000100015,GP01,1,15,GP0115,1937,PSME,6,23.6,,,,
GP01000100016,GP01,1,16,GP0116,1937,PSME,6,23.9,,,,
GP01000100017,GP01,1,17,GP0117,1937,PSME,6,18,,,,
GP01000100018,GP01,1,18,GP0118,1937,PSME,6,25.7,,,,
GP01000100019,GP01,1,19,GP0119,1994,PSME,6,83.9,,,,
GP01000100020,GP01,1,20,GP0120,1943,PSME,6,25.7,,,,
GP01000100021,GP01,1,21,GP0121,2015,PSME,1,91.1,1,1,0,gna
GP01000100022,GP01,1,22,GP0122,1952,PSME,6,23.1,,,,
GP01000100023,GP01,1,23,GP0123,1943,PSME,6,36.1,,,,
GP01000100024,GP01,1,24,GP0124,1948,PSME,6,26.2,,,,
GP01000100025,GP01,1,25,GP0125,1994,PSME,6,81.1,,,,
GP01000100026,GP01,1,26,GP0126,1943,PSME,6,46,,,,
GP01000100027,GP01,1,27,GP0127,1937,PSME,6,31.2,,,,
GP01000100028,GP01,1,28,GP0128,2015,PSME,1,82.7,1,1,0,gna
GP01000100029,GP01,1,29,GP0129,1937,PSME,6,21.1,,,,
GP01000100030,GP01,1,30,GP0130,1943,PSME,6,22.1,,,,
GP01000100031,GP01,1,31,GP0131,1994,PSME,6,52,,,,
GP01000100032,GP01,1,32,GP0132,1994,PSME,6,39.2,,,,
GP01000100033,GP01,1,33,GP0133,1972,PSME,6,30.5,,,,
GP01000100034,GP01,1,34,GP0134,1943,PSME,6,19.8,,,,
GP01000100035,GP01,1,35,GP0135,1994,PSME,6,30.7,,,,
GP01000100036,GP01,1,36,GP0136,1994,PSME,6,93.3,,,,
GP01000100037,GP01,1,37,GP0137,1994,PSME,6,51.9,,,,
GP01000100038,GP01,1,38,GP0138,1994,PSME,6,71.8,,,,
GP01000100039,GP01,1,39,GP0139,1994,PSME,6,96.1,,,,
GP01000100040,GP01,1,40,GP0140,1932,PSME,6,14.5,,,,
GP01000100041,GP01,1,41,GP0141,2015,PSME,1,96,1,1,0,gna
GP01000100042,GP01,1,42,GP0142,1943,PSME,6,24.4,,,,
GP01000100043,GP01,1,43,GP0143,2015,PSME,1,53.2,1,1,0,
GP01000100044,GP01,1,44,GP0144,1972,PSME,6,49.5,,,,
GP01000100045,GP01,1,45,GP0145,1943,PSME,6,22.4,,,,
GP01000100046,GP01,1,46,GP0146,1983,PSME,6,36.6,,,,
GP01000100047,GP01,1,47,GP0147,1983,PSME,6,34,,,,
GP01000100048,GP01,1,48,GP0148,1983,PSME,6,82.3,,,,
GP01000100049,GP01,1,49,GP0149,2015,PSME,1,82,1,1,0,
GP01000100050,GP01,1,50,GP0150,1932,PSME,6,15.2,,,,
GP01000100051,GP01,1,51,GP0151,1983,PSME,6,66.3,,,,
GP01000100052,GP01,1,52,GP0152,1932,PSME,6,18,,,,
GP01000100053,GP01,1,53,GP0153,1994,PSME,6,49.1,,,,
GP01000100054,GP01,1,54,GP0154,1937,PSME,6,28.7,,,,
GP01000100055,GP01,1,55,GP0155,1994,PSME,6,63.3,,,,
GP01000100056,GP01,1,56,GP0156,1994,PSME,6,47.1,,,,
GP01000100057,GP01,1,57,GP0157,1932,PSME,6,20.3,,,,
GP01000100058,GP01,1,58,GP0158,1994,PSME,6,65,,,,
GP01000100059,GP01,1,59,GP0159,1952,PSME,6,25.9,,,,
GP01000100060,GP01,1,60,GP0160,1972,PSME,6,40.4,,,,
GP01000100061,GP01,1,61,GP0161,2015,PSME,1,107,1,1,0,gna
GP01000100062,GP01,1,62,GP0162,1937,PSME,6,24.9,,,,
GP01000100063,GP01,1,63,GP0163,1983,PSME,6,46,,,,
GP01000100064,GP01,1,64,GP0164,1937,PSME,6,22.4,,,,
GP01000100065,GP01,1,65,GP0165,2015,PSME,1,79.5,1,1,0,
GP01000100066,GP01,1,66,GP0166,2015,PSME,1,45.5,1,1,0,pitching
GP01000100067,GP01,1,67,GP0167,1983,PSME,6,45.7,,,,
GP01000100068,GP01,1,68,GP0168,1932,PSME,6,21.8,,,,
GP01000100069,GP01,1,69,GP0169,1983,PSME,6,70.4,,,,
GP01000100070,GP01,1,70,GP0170,1943,PSME,6,32.3,,,,
GP01000100071,GP01,1,71,GP0171,1952,PSME,6,34.5,,,,
GP01000100072,GP01,1,72,GP0172,2015,PSME,1,71.9,1,1,0,
GP01000100073,GP01,1,73,GP0173,1932,PSME,6,26.7,,,,
GP01000100074,GP01,1,74,GP0174,1994,PSME,6,78.1,,,,
GP01000100075,GP01,1,75,GP0175,2005,PSME,6,66.5,,,,
GP01000100076,GP01,1,76,GP0176,1937,PSME,6,17.3,,,,
GP01000100077,GP01,1,77,GP0177,2015,PSME,1,86,1,1,0,"gna, sweep"
GP01000100078,GP01,1,78,GP0178,2015,PSME,1,54.7,1,1,0,ddc
GP01000100079,GP01,1,79,GP0179,1983,PSME,6,61.2,,,,
GP01000100080,GP01,1,81,GP0181,1983,PSME,6,84.1,,,,
GP01000100081,GP01,1,82,GP0182,1937,PSME,6,19.1,,,,
GP01000100082,GP01,1,83,GP0183,2015,PSME,1,95.7,1,1,0,"gna, bark slough"
GP01000100083,GP01,1,84,GP0184,1994,PSME,6,38.5,,,,
GP01000100084,GP01,1,85,GP0185,1994,PSME,6,52.4,,,,
GP01000100085,GP01,1,86,GP0186,1994,PSME,6,78.8,,,,
GP01000100086,GP01,1,87,GP0187,1994,PSME,6,72.5,,,,
GP01000100087,GP01,1,88,GP0188,1994,PSME,6,75.4,,,,
GP01000100088,GP01,1,89,GP0189,1994,PSME,6,49,,,,
GP01000100089,GP01,1,90,GP0190,1987,PSME,6,38.6,,,,
GP01000100090,GP01,1,91,GP0191,1957,PSME,6,50.8,,,,
GP01000100091,GP01,1,92,GP0192,1972,PSME,6,35.3,,,,
GP01000100092,GP01,1,93,GP0193,1937,PSME,6,38.9,,,,
GP01000100093,GP01,1,94,GP0194,1972,PSME,6,42.2,,,,
GP01000100094,GP01,1,95,GP0195,1952,PSME,6,55.9,,,,
GP01000100095,GP01,1,96,GP0196,1994,PSME,6,57.3,,,,
GP01000100096,GP01,1,97,GP0197,1952,PSME,6,44.7,,,,
GP01000100097,GP01,1,98,GP0198,1972,PSME,6,41.1,,,,
GP01000100098,GP01,1,99,GP0199,1994,PSME,6,71.2,,,,
GP01000100099,GP01,1,100,GP01100,1957,PSME,6,43.9,,,,
GP01000100100,GP01,1,101,GP01101,1957,PSME,6,51.3,,,,
GP01000100101,GP01,1,102,GP01102,2005,PSME,6,75.9,,,,
GP01000100102,GP01,1,103,GP01103,1994,PSME,6,64.3,,,,
GP01000100103,GP01,1,104,GP01104,1957,PSME,6,42.4,,,,
GP01000100104,GP01,1,105,GP01105,1943,PSME,6,26.9,,,,
GP01000100105,GP01,1,106,GP01106,1994,PSME,6,54.1,,,,
GP01000100106,GP01,1,107,GP01107,1957,PSME,6,35.1,,,,
GP01000100107,GP01,1,108,GP01108,1994,PSME,6,60.3,,,,
GP01000100108,GP01,1,109,GP01109,1932,PSME,6,17,,,,
GP01000100109,GP01,1,110,GP01110,1994,PSME,6,57.5,,,,
GP01000100110,GP01,1,111,GP01111,1943,PSME,6,32,,,,
GP01000100111,GP01,1,112,GP01112,1994,PSME,6,73,,,,
GP01000100112,GP01,1,113,GP01113,1937,PSME,6,24.4,,,,
GP01000100113,GP01,1,114,GP01114,1994,PSME,6,69.3,,,,
GP01000100114,GP01,1,115,GP01115,1994,PSME,6,94.2,,,,
GP01000100115,GP01,1,116,GP01116,1972,PSME,6,35.3,,,,
GP01000100116,GP01,1,117,GP01117,1972,PSME,6,30.2,,,,
GP01000100117,GP01,1,118,GP01118,1932,PSME,6,29.2,,,,
GP01000100118,GP01,1,119,GP01119,2015,PSME,1,82.8,1,1,0,"gna, sweep"
GP01000100119,GP01,1,120,GP01120,1994,PSME,6,45.2,,,,
GP01000100120,GP01,1,121,GP01121,1994,PSME,6,68.6,,,,
GP01000100121,GP01,1,122,GP01122,1994,PSME,6,41.9,,,,
GP01000100122,GP01,1,123,GP01123,1972,PSME,6,39.4,,,,
GP01000100123,GP01,1,124,GP01124,1994,PSME,6,74.4,,,,
GP01000100124,GP01,1,125,GP01125,1994,PSME,6,55.3,,,,
GP01000100125,GP01,1,126,GP01126,1983,PSME,6,35.3,,,,
GP01000100126,GP01,1,127,GP01127,1994,PSME,6,58.6,,,,
GP01000100127,GP01,1,128,GP01128,1937,PSME,6,27.7,,,,
GP01000100128,GP01,1,129,GP01129,1943,PSME,6,30,,,,
GP01000100129,GP01,1,130,GP01130,1994,PSME,6,55.9,,,,
GP01000100130,GP01,1,131,GP01131,1937,PSME,6,21.6,,,,
GP01000100131,GP01,1,132,GP01132,2015,PSME,1,69.2,1,1,0,
GP01000100132,GP01,1,133,GP01133,1937,PSME,6,14.5,,,,
GP01000100133,GP01,1,134,GP01134,1972,PSME,6,51.6,,,,
GP01000100134,GP01,1,135,GP01135,1948,PSME,6,27.2,,,,
GP01000100135,GP01,1,136,GP01136,1994,PSME,6,78.3,,,,
GP01000100136,GP01,1,137,GP01137,1994,PSME,6,57.6,,,,
GP01000100137,GP01,1,138,GP01138,1952,PSME,6,25.7,,,,
GP01000100138,GP01,1,139,GP01139,1937,PSME,6,19.6,,,,
GP01000100139,GP01,1,140,GP01140,2015,PSME,1,78,1,1,0,"bark slough, mossy, gna"
GP01000100140,GP01,1,141,GP01141,1932,PSME,6,27.9,,,,
GP01000100141,GP01,1,142,GP01142,2015,PSME,1,39.9,1,1,0,"old 143 tag placed on dead 143 snag, 142 tag replaced,143 is 2.3m at 304 from tree 142"
GP01000100142,GP01,1,143,GP01143,1994,PSME,6,57.5,,,,
GP01000100143,GP01,1,144,GP01144,1972,PSME,6,63.8,,,,
GP01000100144,GP01,1,145,GP01145,1952,PSME,6,23.9,,,,
GP01000100145,GP01,1,146,GP01146,1943,PSME,6,19.3,,,,
GP01000100146,GP01,1,147,GP01147,1952,PSME,6,59.4,,,,
GP01000100147,GP01,1,148,GP01148,1952,PSME,6,35.6,,,,
GP01000100148,GP01,1,149,GP01149,1937,PSME,6,19.1,,,,
GP01000100149,GP01,1,150,GP01150,1932,PSME,6,36.8,,,,
GP01000100150,GP01,1,151,GP01151,1957,PSME,6,51.8,,,,
GP01000100151,GP01,1,152,GP01152,2015,PSME,1,104,1,1,0,"gna, bark slough"
GP01000100152,GP01,1,153,GP01153,2015,PSME,1,96.4,1,1,0,gna
GP01000100153,GP01,1,154,GP01154,1932,PSME,6,20.8,,,,
GP01000100154,GP01,1,155,GP01155,1957,PSME,6,35.6,,,,
GP01000100155,GP01,1,156,GP01156,1943,PSME,6,42.2,,,,
GP01000100156,GP01,1,157,GP01157,1987,PSME,6,32,,,,
GP01000100157,GP01,1,158,GP01158,1999,PSME,6,37.5,,,,
GP01000100158,GP01,1,159,GP01159,1937,PSME,6,17.8,,,,
GP01000100159,GP01,1,160,GP01160,2015,PSME,1,67.7,1,1,0,tag replaced
GP01000100160,GP01,1,161,GP01161,2015,PSME,1,76.4,1,1,0,
GP01000100161,GP01,1,162,GP01162,1932,PSME,6,19.6,,,,
GP01000100162,GP01,1,163,GP01163,2015,PSME,6,66.4,,,,
GP01000100163,GP01,1,164,GP01164,1937,PSME,6,24.1,,,,
GP01000100164,GP01,1,165,GP01165,1994,PSME,6,68.3,,,,
GP01000100165,GP01,1,166,GP01166,1994,PSME,6,56.3,,,,
GP01000100166,GP01,1,167,GP01167,1943,PSME,6,41.7,,,,
GP01000100167,GP01,1,168,GP01168,1983,PSME,6,34,,,,
GP01000100168,GP01,1,169,GP01169,2015,PSME,1,52,1,1,0,
GP01000100169,GP01,1,170,GP01170,2015,PSME,1,65.6,1,1,0,
GP01000100170,GP01,1,171,GP01171,1994,PSME,6,44.8,,,,
GP01000100171,GP01,1,172,GP01172,1994,PSME,6,32.7,,,,
GP01000100172,GP01,1,173,GP01173,2015,PSME,1,82.9,1,1,0,butt swell
GP01000100173,GP01,1,174,GP01174,1972,PSME,6,54.1,,,,
GP01000100174,GP01,1,175,GP01175,1972,PSME,6,52.1,,,,
GP01000100175,GP01,1,176,GP01176,1932,PSME,6,30.2,,,,
GP01000100176,GP01,1,177,GP01177,1994,PSME,6,48.2,,,,
GP01000100177,GP01,1,178,GP01178,1972,PSME,6,56.9,,,,
GP01000100178,GP01,1,179,GP01179,2015,PSME,1,96.8,1,1,5,"ddc, gna, sweep"
GP01000100179,GP01,1,180,GP01180,1952,PSME,6,39.1,,,,
GP01000100180,GP01,1,181,GP01181,2015,PSME,1,70.1,1,1,0,"gna, bark to bh covered in nst coloned fungus"
GP01000100181,GP01,1,182,GP01182,1989,PSME,6,47.2,,,,
GP01000100182,GP01,1,183,GP01183,2015,PSME,1,89.3,1,1,0,gna
GP01000100183,GP01,1,184,GP01184,1972,PSME,6,41.4,,,,
GP01000100184,GP01,1,185,GP01185,1983,PSME,6,46.2,,,,
GP01000100185,GP01,1,186,GP01186,2015,PSME,1,104.8,1,1,5,gna
GP01000100186,GP01,1,187,GP01187,1932,PSME,6,29.7,,,,
GP01000100187,GP01,1,188,GP01188,2015,PSME,1,84.1,1,1,10,"gna, sweep"
GP01000100188,GP01,1,189,GP01189,2015,PSME,6,43.8,,,,
GP01000100189,GP01,1,190,GP01190,1937,PSME,6,31,,,,
GP01000100190,GP01,1,191,GP01191,2015,PSME,1,57.4,1,1,0,
GP01000100191,GP01,1,192,GP01192,2015,PSME,1,88.6,1,1,0,gna
GP01000100192,GP01,1,193,GP01193,2015,PSME,1,69.8,1,1,0,conks
GP01000100193,GP01,1,194,GP01194,1932,PSME,6,29.2,,,,
GP01000100194,GP01,1,195,GP01195,1983,PSME,6,50.8,,,,
GP01000100195,GP01,1,196,GP01196,1972,PSME,6,30.5,,,,
GP01000100196,GP01,1,197,GP01197,1932,PSME,6,24.9,,,,
GP01000100197,GP01,1,198,GP01198,1972,PSME,6,73.7,,,,
GP01000100198,GP01,1,199,GP01199,1932,PSME,6,30.5,,,,
GP01000100199,GP01,1,200,GP01200,1972,PSME,6,49,,,,
GP01000100200,GP01,1,310,GP01310,1972,PSME,6,25.9,,,,
GP01000100201,GP01,1,311,GP01311,1972,PSME,6,55.1,,,,
GP01000100202,GP01,1,312,GP01312,2015,PSME,1,68.8,1,1,0,
GP01000100203,GP01,1,313,GP01313,1972,PSME,6,60.7,,,,
GP01000100204,GP01,1,314,GP01314,1994,PSME,6,39.6,,,,crushed by cut tree
GP01000100205,GP01,1,315,GP01315,1937,PSME,6,45.5,,,,
GP01000100206,GP01,1,316,GP01316,2015,PSME,1,96.8,1,1,0,
GP01000100207,GP01,1,317,GP01317,2015,PSME,1,66.8,1,1,0,sweep
GP01000100208,GP01,1,319,GP01319,2015,PSME,1,67.6,1,1,0,
GP01000100209,GP01,1,320,GP01320,2015,PSME,1,60.3,1,1,15,
GP01000100210,GP01,1,321,GP01321,1983,PSME,6,61.2,,,,
GP01000100211,GP01,1,322,GP01322,1937,PSME,6,19.1,,,,
GP01000100212,GP01,1,323,GP01323,1983,PSME,6,53.6,,,,
GP01000100213,GP01,1,324,GP01324,1957,PSME,6,31.2,,,,
GP01000100214,GP01,1,325,GP01325,1994,PSME,6,79.2,,,,
GP01000100215,GP01,1,330,GP01330,1972,PSME,6,30.5,,,,
GP01000100216,GP01,1,331,GP01331,1932,PSME,6,18,,,,
GP01000100217,GP01,1,332,GP01332,1932,PSME,6,25.9,,,,
GP01000100218,GP01,1,333,GP01333,1994,PSME,6,41.2,,,,
GP01000100219,GP01,1,334,GP01334,1994,PSME,6,35.8,,,,
GP01000100220,GP01,1,335,GP01335,1957,PSME,6,29.2,,,,
GP01000100221,GP01,1,336,GP01336,2015,PSME,1,64.7,1,1,0,
GP01000100222,GP01,1,337,GP01337,1994,PSME,6,39.3,,,,
GP01000100223,GP01,1,338,GP01338,1948,PSME,6,18.8,,,,
GP01000100224,GP01,1,339,GP01339,1943,PSME,6,20.1,,,,
GP01000100225,GP01,1,340,GP01340,1943,PSME,6,20.6,,,,
GP01000100226,GP01,1,341,GP01341,1994,PSME,6,88.9,,,,
GP01000100227,GP01,1,342,GP01342,1932,PSME,6,20.3,,,,
GP01000100571,GP01,1,400,GP01400,2015,TSHE,6,5.5,,,,
GP01000100572,GP01,1,402,GP01402,2015,TSHE,1,5.4,1,1,5,
GP01000100573,GP01,1,418,GP01418,2015,TSHE,1,6.9,1,1,0,
GP01000100574,GP01,1,419,GP01419,2015,TSHE,1,6.4,1,1,5,
GP01000100575,GP01,1,420,GP01420,2015,TSHE,1,7.1,1,1,0,sweep
GP01000100576,GP01,1,438,GP01438,2015,TSHE,1,6.7,1,1,0,
GP01000100577,GP01,1,439,GP01439,2015,ACMA3,1,5.8,1,1,15,ddc
GP01000100578,GP01,1,440,GP01440,2015,ACMA3,6,7.8,,,,
GP01000100579,GP01,1,441,GP01441,2015,ACMA3,1,6.1,2,1,5,"broken at 2.5m, strripped crown, broken by 7879, scar on bole"
GP01000100580,GP01,1,442,GP01442,2015,ACMA3,1,5.5,1,1,30,
GP01000100581,GP01,1,443,GP01443,2015,ACMA3,1,5.4,1,1,40,ddc
GP01000100582,GP01,1,444,GP01444,2015,ACMA3,1,8.3,1,1,0,
GP01000100583,GP01,1,445,GP01445,2015,CONU4,9,5.1,,,,crushed by debris?
GP01000100584,GP01,1,446,GP01446,2015,ACMA3,9,5.2,,,,crushed by debris?
GP01000100585,GP01,1,447,GP01447,2015,ACMA3,1,10.8,1,1,0,
GP01000100586,GP01,1,448,GP01448,2015,ACMA3,1,13.2,1,1,0,
,GP01,1,555,GP01555,2015,TSHE,2,5.2,1,1,0,se
,GP01,1,556,GP01556,2015,TSHE,2,5,1,1,5,se
,GP01,1,557,GP01557,2015,ACMA3,2,5.1,1,1,5,se
,GP01,1,558,GP01558,2015,TSHE,2,5.1,1,1,0,ne
,GP01,1,559,GP01559,2015,ACMA3,2,5.1,1,1,5,"ne, may be out of plot?"
,GP01,1,560,GP01560,2015,CONU4,2,5.8,1,1,10,ne
GP01000100258,GP01,1,1108,GP011108,2015,CONU4,6,6.1,,,,
GP01000100522,GP01,1,1109,GP011109,2015,ACMA3,1,11.4,1,1,0,
GP01000100523,GP01,1,1110,GP011110,2010,TSHE,6,5,,,,"change species code in db to tshe, not tsme"
GP01000100524,GP01,1,1111,GP011111,2015,ACMA3,1,6.4,1,1,10,ddc
GP01000100525,GP01,1,1112,GP011112,2015,ACMA3,1,6.5,1,1,45,"meas 10cm below dbh, pinned by log, nail placed at new dbh, from 8554; 2.8 ma plus 90 degree"
GP01000100526,GP01,1,1113,GP011113,2015,TSHE,1,7.1,1,1,0,
GP01000100527,GP01,1,1114,GP011114,2015,TSHE,6,6.7,,,,
GP01000100528,GP01,1,1115,GP011115,2015,ACMA3,1,9.9,1,1,5,
GP01000100529,GP01,1,1116,GP011116,2015,PSME,1,8.3,1,1,0,
GP01000100530,GP01,1,1117,GP011117,2015,ACMA3,1,8.8,1,1,0,
GP01000100531,GP01,1,1118,GP011118,2015,ACMA3,1,10.5,1,1,0,crook
GP01000100532,GP01,1,1119,GP011119,2015,PSME,1,6.4,1,1,5,ddc
GP01000100533,GP01,1,1120,GP011120,2015,ACMA3,1,7.9,1,1,0,
GP01000100534,GP01,1,1121,GP011121,2015,TSHE,1,7.9,1,1,35,
GP01000100535,GP01,1,1122,GP011122,2015,ACMA3,1,9.2,1,1,0,
GP01000100536,GP01,1,1123,GP011123,2015,ACMA3,1,11.8,1,1,0,sweep
GP01000100537,GP01,1,1124,GP011124,2015,ACMA3,1,17,1,1,0,
GP01000100538,GP01,1,1125,GP011125,2015,ACMA3,1,6.5,1,1,45,ddc
GP01000100539,GP01,1,1126,GP011126,2015,ACMA3,1,11.2,1,1,0,
GP01000100540,GP01,1,1127,GP011127,2015,TSHE,6,6.4,,,,
GP01000100541,GP01,1,1146,GP011146,2015,ACMA3,6,5.9,,,,
GP01000100542,GP01,1,1147,GP011147,2015,ACMA3,6,5.6,,,,
GP01000100560,GP01,1,1148,GP011148,2015,ACMA3,1,5.3,1,1,0,
GP01000100543,GP01,1,1149,GP011149,2010,TSHE,6,5.4,,,,
GP01000100544,GP01,1,1150,GP011150,2015,TSHE,1,6.6,1,1,0,
GP01000100545,GP01,1,1151,GP011151,2015,ACMA3,6,5.6,,,,
GP01000100546,GP01,1,1152,GP011152,2015,TSHE,6,5.3,,,,
GP01000100547,GP01,1,1153,GP011153,2015,ACMA3,1,10.4,1,1,5,
GP01000100548,GP01,1,1154,GP011154,2015,ACMA3,1,7.9,1,1,0,
GP01000100549,GP01,1,1155,GP011155,2015,ACMA3,1,7.6,1,1,40,
GP01000100550,GP01,1,1156,GP011156,2015,ACMA3,1,10.5,1,1,10,
GP01000100551,GP01,1,1157,GP011157,2015,ACMA3,1,7.2,1,1,0,"crooks on bole, ddc, conu not acma!"
GP01000100552,GP01,1,1158,GP011158,2015,CONU4,1,5.9,1,1,5,conu! ddc
GP01000100553,GP01,1,1159,GP011159,2015,TSHE,1,18.4,1,1,0,
GP01000100554,GP01,1,1160,GP011160,2015,ACMA3,1,7.9,1,1,0,
GP01000100555,GP01,1,1161,GP011161,2015,TSHE,1,11.7,1,1,0,
GP01000100556,GP01,1,1162,GP011162,2015,CONU4,1,5.4,1,1,0,ddc
GP01000100557,GP01,1,1173,GP011173,2015,ACMA3,1,12.5,1,1,5,
GP01000100558,GP01,1,1174,GP011174,2015,ACMA3,1,14.3,1,1,0,
GP01000100559,GP01,1,1175,GP011175,2015,TSHE,6,5.1,,,,
GP01000100561,GP01,1,1188,GP011188,2015,ACMA3,1,6.8,1,1,20,
GP01000100562,GP01,1,1189,GP011189,2015,ACMA3,1,12.2,1,1,0,
GP01000100563,GP01,1,1190,GP011190,2015,ACMA3,9,6.7,,,,"found down stem and crook, that fits loc, size, but no tag"
GP01000100564,GP01,1,1191,GP011191,2015,ACMA3,1,6.3,1,1,0,ddc
GP01000100565,GP01,1,1192,GP011192,2015,TSHE,1,9,1,1,0,
GP01000100566,GP01,1,1193,GP011193,2015,ACMA3,6,8.1,,,,
GP01000100567,GP01,1,1194,GP011194,2015,ACMA3,1,10.2,1,1,5,
GP01000100568,GP01,1,1195,GP011195,2015,ACMA3,1,8.2,1,1,10,ddc
GP01000100569,GP01,1,1196,GP011196,2015,ACMA3,1,5.8,1,1,15,ddc
GP01000100228,GP01,1,1899,GP011899,2015,TSHE,1,29.5,1,1,0,
GP01000100460,GP01,1,3801,GP013801,2015,TSHE,1,9.6,1,1,0,
GP01000100461,GP01,1,3802,GP013802,2015,TSHE,1,12.7,1,1,0,
GP01000100462,GP01,1,3803,GP013803,2015,TSHE,1,8.1,1,1,0,
GP01000100463,GP01,1,3804,GP013804,2015,ACMA3,1,13.2,1,1,0,
GP01000100464,GP01,1,3805,GP013805,2015,ACMA3,1,10.8,1,1,0,
GP01000100465,GP01,1,3806,GP013806,2015,ACMA3,1,12.1,1,1,5,
GP01000100466,GP01,1,3807,GP013807,2015,ACMA3,1,6.1,1,1,10,ddc
GP01000100467,GP01,1,3808,GP013808,2015,ACMA3,1,9,1,1,5,
GP01000100468,GP01,1,3810,GP013810,2015,TSHE,6,8.6,,,,
GP01000100469,GP01,1,3811,GP013811,2015,TSHE,6,5.3,,,,
GP01000100470,GP01,1,3812,GP013812,2015,TSHE,1,7.9,1,1,0,
GP01000100471,GP01,1,3813,GP013813,2015,ACMA3,1,7.7,1,1,10,
GP01000100472,GP01,1,3814,GP013814,2015,ACMA3,1,10.4,1,1,0,
GP01000100473,GP01,1,3815,GP013815,2015,ACMA3,1,13.2,1,1,0,
GP01000100474,GP01,1,3816,GP013816,2015,ACMA3,1,9.7,1,1,50,
GP01000100475,GP01,1,3817,GP013817,2015,TSHE,1,12.6,1,1,0,
GP01000100476,GP01,1,3818,GP013818,2015,TSHE,1,11.1,1,1,0,
GP01000100477,GP01,1,3819,GP013819,2015,TSHE,1,7,1,1,0,
GP01000100478,GP01,1,3820,GP013820,2015,TSHE,1,9.4,1,1,0,
GP01000100479,GP01,1,3821,GP013821,2015,TSHE,1,9.7,1,1,0,
GP01000100480,GP01,1,3822,GP013822,2015,ACMA3,1,10.5,1,1,0,
GP01000100481,GP01,1,3823,GP013823,2015,TSHE,1,11.5,1,1,0,
GP01000100482,GP01,1,3824,GP013824,2015,TSHE,1,15.9,1,1,0,
GP01000100483,GP01,1,3825,GP013825,2005,ALRU2,6,6.3,,,,
GP01000100484,GP01,1,3826,GP013826,2015,ALRU2,1,10,1,1,5,
GP01000100485,GP01,1,3827,GP013827,2015,ACMA3,1,21,1,1,0,"plus fog, placed at height of old nail"
GP01000100486,GP01,1,3828,GP013828,2015,ACMA3,1,15,1,1,0,
GP01000100487,GP01,1,3829,GP013829,2015,ACMA3,1,10.4,1,1,10,
GP01000100488,GP01,1,3830,GP013830,2015,ACMA3,1,16,1,1,5,
GP01000100489,GP01,1,3831,GP013831,2010,ACMA3,6,9.7,,,,
GP01000100490,GP01,1,3832,GP013832,2005,ACMA3,6,8.5,,,,
GP01000100491,GP01,1,3833,GP013833,2010,ACMA3,6,5.8,,,,
GP01000100492,GP01,1,3834,GP013834,2015,ACMA3,1,19.3,1,1,0,tag replaced
GP01000100493,GP01,1,3835,GP013835,2005,ACMA3,6,7.2,,,,
GP01000100494,GP01,1,3836,GP013836,2015,ACMA3,1,13.9,1,1,5,
GP01000100495,GP01,1,3837,GP013837,2015,TSHE,6,7.8,,,,
GP01000100496,GP01,1,3838,GP013838,2015,ACMA3,1,17.5,1,1,0,
GP01000100497,GP01,1,3839,GP013839,2010,ALRU2,6,6,,,,
GP01000100498,GP01,1,3840,GP013840,2015,TSHE,1,6.6,1,1,0,"fused with 7443 and 7442, ddc"
GP01000100499,GP01,1,3841,GP013841,2015,TSHE,6,6.5,,,,
GP01000100500,GP01,1,3842,GP013842,2015,TSHE,1,13,1,1,0,
GP01000100501,GP01,1,3843,GP013843,2015,TSHE,6,11,,,,
GP01000100502,GP01,1,3844,GP013844,2010,CONU4,6,5,,,,
GP01000100503,GP01,1,3845,GP013845,2005,TSHE,6,6.3,,,,
GP01000100504,GP01,1,3846,GP013846,2015,ACMA3,1,13.7,1,1,5,
GP01000100505,GP01,1,3847,GP013847,2010,ACMA3,6,5.7,,,,
GP01000100506,GP01,1,3848,GP013848,2015,TSHE,1,12.8,1,1,10,
GP01000100507,GP01,1,3849,GP013849,2015,TSHE,1,7,1,1,80,top broken
GP01000100508,GP01,1,3850,GP013850,2015,ALRU2,1,8.3,1,1,0,"ddc, conu species"
GP01000100509,GP01,1,3851,GP013851,2005,CONU4,6,5.5,,,,
GP01000100510,GP01,1,3852,GP013852,2015,TSHE,1,10.9,1,1,0,
GP01000100511,GP01,1,3853,GP013853,2015,ACMA3,1,25.9,1,1,0,
GP01000100512,GP01,1,3854,GP013854,2015,ACMA3,1,9.5,1,1,0,
GP01000100513,GP01,1,3855,GP013855,2015,ACMA3,1,10.5,1,1,10,
GP01000100514,GP01,1,3856,GP013856,2015,TSHE,1,11.8,1,1,0,
GP01000100515,GP01,1,3857,GP013857,2015,ACMA3,1,9.9,1,1,0,
GP01000100516,GP01,1,3858,GP013858,2015,CONU4,1,5.9,1,1,35,
GP01000100517,GP01,1,3859,GP013859,2015,TSHE,1,7.9,1,1,0,ddc
GP01000100518,GP01,1,3860,GP013860,2015,TSHE,1,11.4,1,1,0,
GP01000100519,GP01,1,3861,GP013861,2015,TSHE,1,6.3,1,1,0,ddc
GP01000100520,GP01,1,3862,GP013862,2015,ACMA3,1,12.8,1,1,5,
GP01000100393,GP01,1,7437,GP017437,2015,TSHE,1,8.7,1,1,0,ddc
GP01000100394,GP01,1,7438,GP017438,2015,TSHE,1,28.8,1,1,0,
GP01000100395,GP01,1,7439,GP017439,2015,TSHE,1,27.5,1,1,0,
GP01000100396,GP01,1,7440,GP017440,2015,TSHE,6,9.2,,,,
GP01000100397,GP01,1,7441,GP017441,2015,TSHE,1,17.4,1,1,0,
GP01000100398,GP01,1,7442,GP017442,2015,TSHE,1,14.9,1,1,0,fused with 3840 and 7443
GP01000100399,GP01,1,7443,GP017443,2015,TSHE,1,10.3,1,1,0,"ddc, fused with 3840 and 7442"
GP01000100400,GP01,1,7444,GP017444,2015,ACMA3,1,16.4,1,1,0,
GP01000100401,GP01,1,7446,GP017446,2015,ACMA3,6,10.7,,,,
GP01000100402,GP01,1,7447,GP017447,2015,ACMA3,1,17.6,1,1,0,
GP01000100403,GP01,1,7448,GP017448,2015,TSHE,1,13.5,1,1,0,
GP01000100404,GP01,1,7449,GP017449,2015,TSHE,1,11.2,1,1,0,
GP01000100405,GP01,1,7450,GP017450,2015,ACMA3,1,18.2,1,1,0,
GP01000100406,GP01,1,7451,GP017451,2015,ACMA3,1,13,1,1,45,"ddc, epicormic sprouts"
GP01000100407,GP01,1,7452,GP017452,2015,ACMA3,1,16.1,1,1,0,
GP01000100408,GP01,1,7453,GP017453,2015,TSHE,1,15.6,1,1,0,
GP01000100409,GP01,1,7454,GP017454,2015,TSHE,1,17.5,1,1,0,
GP01000100410,GP01,1,7455,GP017455,2015,ACMA3,1,21.4,1,1,5,
GP01000100411,GP01,1,7456,GP017456,2015,ACMA3,1,12.7,1,1,5,
GP01000100412,GP01,1,7457,GP017457,2015,TSHE,1,10.7,1,1,15,scrap on bole
GP01000100413,GP01,1,7458,GP017458,2015,ACMA3,1,22.8,1,1,0,
GP01000100414,GP01,1,7459,GP017459,2015,TSHE,1,11.5,1,1,0,
GP01000100415,GP01,1,7460,GP017460,2015,TSHE,1,19.1,1,1,0,
GP01000100416,GP01,1,7461,GP017461,2015,TSHE,1,23,1,1,0,
GP01000100417,GP01,1,7462,GP017462,2015,TSHE,1,17.3,1,1,0,
GP01000100418,GP01,1,7463,GP017463,2015,TSHE,1,12.2,1,1,0,
GP01000100419,GP01,1,7464,GP017464,2015,TSHE,1,10.7,1,1,0,
GP01000100420,GP01,1,7465,GP017465,2015,ACMA3,1,14.6,1,1,5,
GP01000100421,GP01,1,7466,GP017466,2015,ACMA3,1,17.4,1,1,0,
GP01000100422,GP01,1,7467,GP017467,2015,ACMA3,9,18.2,,,,"presumed dead, lots of decay here"
GP01000100423,GP01,1,7468,GP017468,2015,TSHE,1,12.3,1,1,0,
GP01000100424,GP01,1,7469,GP017469,2015,TSHE,1,12.5,1,1,0,
GP01000100425,GP01,1,7470,GP017470,2015,ACMA3,1,15.5,1,1,0,
GP01000100426,GP01,1,7472,GP017472,2015,TSHE,1,16.5,1,1,0,
GP01000100427,GP01,1,7473,GP017473,2015,TSHE,1,17.3,1,1,0,
GP01000100428,GP01,1,7474,GP017474,2015,TSHE,1,12.2,1,1,0,
GP01000100429,GP01,1,7476,GP017476,2015,TSHE,1,9.3,1,1,0,
GP01000100430,GP01,1,7477,GP017477,2015,TSHE,1,10.7,1,1,0,ddc
GP01000100431,GP01,1,7478,GP017478,2015,ACMA3,1,21.1,1,1,0,
GP01000100432,GP01,1,7479,GP017479,2015,TSHE,1,15.4,1,1,0,
GP01000100433,GP01,1,7480,GP017480,2015,TSHE,1,22.3,1,1,0,
GP01000100434,GP01,1,7481,GP017481,2015,ACMA3,1,12.5,1,1,10,
GP01000100435,GP01,1,7482,GP017482,2015,TSHE,1,12.5,1,1,0,
GP01000100436,GP01,1,7483,GP017483,2015,TSHE,1,17.5,1,1,0,
GP01000100437,GP01,1,7484,GP017484,2015,ACMA3,1,18.7,1,1,10,
GP01000100438,GP01,1,7485,GP017485,2015,ACMA3,1,21.5,1,1,0,
GP01000100439,GP01,1,7486,GP017486,2010,ACMA3,6,19.1,,,,
GP01000100440,GP01,1,7487,GP017487,2015,ACMA3,1,13.5,1,1,0,
GP01000100441,GP01,1,7488,GP017488,2015,ACMA3,1,18.9,1,1,0,
GP01000100442,GP01,1,7489,GP017489,2015,TSHE,1,16.9,1,1,0,sweep
GP01000100443,GP01,1,7490,GP017490,2015,ACMA3,6,13.2,,,,
GP01000100444,GP01,1,7491,GP017491,2015,ACMA3,1,18,1,1,0,
GP01000100445,GP01,1,7492,GP017492,2015,ACMA3,6,21.1,,,,
GP01000100446,GP01,1,7493,GP017493,2015,TSHE,1,19.5,1,2,90,"knocked over by 7879, green needles present"
GP01000100447,GP01,1,7494,GP017494,2015,CONU4,1,8.3,1,1,5,ddc
GP01000100448,GP01,1,7495,GP017495,2015,TSHE,1,10.8,1,1,0,
GP01000100449,GP01,1,7496,GP017496,2015,ACMA3,1,14.1,1,1,0,
GP01000100450,GP01,1,7497,GP017497,2015,TSHE,1,10.1,1,1,0,sweep
GP01000100451,GP01,1,7498,GP017498,2015,CONU4,1,8.8,1,1,0,ddc
GP01000100452,GP01,1,7499,GP017499,2015,TSHE,1,14.7,1,1,0,
GP01000100453,GP01,1,7500,GP017500,2015,TSHE,1,16.8,1,1,0,
GP01000100229,GP01,1,7801,GP017801,2015,TSHE,1,21.4,1,1,0,
GP01000100230,GP01,1,7802,GP017802,2015,TSHE,1,21.9,1,1,0,
GP01000100231,GP01,1,7803,GP017803,2015,ACMA3,1,25.4,1,1,0,
GP01000100232,GP01,1,7804,GP017804,2015,TSHE,1,8.2,1,1,15,ddc
GP01000100233,GP01,1,7805,GP017805,2015,TSHE,1,17.1,1,1,0,
GP01000100234,GP01,1,7806,GP017806,2015,CONU4,1,9.4,1,1,0,ddc
GP01000100235,GP01,1,7807,GP017807,2015,TSHE,1,16.8,1,1,0,
GP01000100236,GP01,1,7808,GP017808,2015,TSHE,1,33,1,1,0,
GP01000100237,GP01,1,7809,GP017809,2015,TSHE,1,10.6,1,1,0,ddc
GP01000100238,GP01,1,7810,GP017810,2015,TSHE,1,14.4,1,1,0,
GP01000100239,GP01,1,7811,GP017811,2015,TSHE,1,17.8,1,1,0,
GP01000100240,GP01,1,7812,GP017812,2015,TSHE,1,15.6,1,1,0,
GP01000100241,GP01,1,7813,GP017813,2015,TSHE,1,28.1,1,1,0,
GP01000100242,GP01,1,7814,GP017814,2015,TSHE,1,16.1,1,1,0,
GP01000100243,GP01,1,7815,GP017815,2015,TSHE,1,14.8,1,1,0,
GP01000100244,GP01,1,7816,GP017816,2015,ACMA3,1,26.8,1,1,0,
GP01000100245,GP01,1,7817,GP017817,2015,CONU4,1,9.6,1,1,20,"ddc, log at base"
GP01000100246,GP01,1,7818,GP017818,2015,TSHE,1,12.6,1,1,0,
GP01000100247,GP01,1,7819,GP017819,2015,TSHE,1,15.1,1,1,0,
GP01000100248,GP01,1,7820,GP017820,2015,TSHE,1,14.7,1,1,0,
GP01000100249,GP01,1,7821,GP017821,2015,TSHE,1,11.4,1,1,0,
GP01000100250,GP01,1,7822,GP017822,2005,TSHE,6,13.5,,,,
GP01000100251,GP01,1,7823,GP017823,2015,TSHE,1,9.4,1,1,0,ddc
GP01000100454,GP01,1,7824,GP017824,2015,TSHE,1,21.8,1,1,0,
GP01000100455,GP01,1,7825,GP017825,2015,TSHE,1,6.1,1,1,0,"ddc, sweep, suppressed"
GP01000100252,GP01,1,7826,GP017826,2015,TSHE,1,26.6,1,1,0,
GP01000100253,GP01,1,7827,GP017827,2015,TSHE,1,11,1,1,0,
GP01000100254,GP01,1,7828,GP017828,2015,TSHE,1,28.8,1,1,0,
GP01000100255,GP01,1,7829,GP017829,2015,TSHE,1,17.7,1,1,0,sweep
GP01000100256,GP01,1,7830,GP017830,2015,TSHE,1,25.7,1,1,0,
GP01000100257,GP01,1,7831,GP017831,2015,TSHE,1,20,1,1,0,
GP01000100258,GP01,1,7832,GP017832,1999,CONU4,1,6.2,,,,
GP01000100259,GP01,1,7833,GP017833,2010,TSHE,6,13.2,,,,
GP01000100260,GP01,1,7834,GP017834,2015,TSHE,1,21.8,1,1,0,
GP01000100261,GP01,1,7835,GP017835,2015,TSHE,1,20.7,1,1,5,
GP01000100262,GP01,1,7836,GP017836,2015,TSHE,1,32.2,1,1,0,
GP01000100570,GP01,1,7837,GP017837,2015,CONU4,1,5.5,1,1,5,ddc
GP01000100263,GP01,1,7838,GP017838,2005,TSHE,6,7.4,,,,
GP01000100264,GP01,1,7839,GP017839,2015,TSHE,1,27.2,1,1,0,
GP01000100265,GP01,1,7840,GP017840,2015,TSHE,1,33.2,1,1,0,
GP01000100266,GP01,1,7841,GP017841,2015,TSHE,6,9.3,,,,
GP01000100267,GP01,1,7842,GP017842,2015,TSHE,1,28.1,1,1,0,
GP01000100268,GP01,1,7843,GP017843,2015,TSHE,1,24,1,1,0,
GP01000100269,GP01,1,7844,GP017844,2015,TSHE,1,19,1,1,0,
GP01000100270,GP01,1,7845,GP017845,2015,ACMA3,1,29.2,1,1,0,
GP01000100271,GP01,1,7846,GP017846,2015,TSHE,1,22.1,1,1,0,sweep
GP01000100272,GP01,1,7847,GP017847,2015,TSHE,1,6.9,1,1,50,
GP01000100273,GP01,1,7848,GP017848,2015,TSHE,1,20.1,1,1,0,
GP01000100274,GP01,1,7849,GP017849,2015,TSHE,1,20.7,1,1,0,
GP01000100456,GP01,1,7850,GP017850,1999,ALRU2,6,4.6,,,,"missing in '99 and '05, assumed dead"
GP01000100275,GP01,1,7851,GP017851,2015,TSHE,1,13.1,1,1,50,
GP01000100276,GP01,1,7852,GP017852,2015,TSHE,1,25.1,1,1,5,sweep
GP01000100277,GP01,1,7853,GP017853,2015,TSHE,1,22.5,1,1,0,pitching wounds above bh
GP01000100278,GP01,1,7854,GP017854,2015,TSHE,1,19.5,1,1,0,
GP01000100279,GP01,1,7855,GP017855,2015,ACMA3,1,32.2,1,1,0,tag replaced
GP01000100280,GP01,1,7856,GP017856,2015,TSHE,1,42.3,1,1,0,
GP01000100281,GP01,1,7858,GP017858,2015,CONU4,1,7.9,1,1,85,pinned by logs
GP01000100282,GP01,1,7859,GP017859,2005,CONU4,6,5,,,,
GP01000100283,GP01,1,7860,GP017860,2015,ABAM,1,14,1,1,0,needles yellowing
GP01000100284,GP01,1,7861,GP017861,2015,TSHE,6,32.6,,,,conks
GP01000100285,GP01,1,7862,GP017862,1999,TSHE,6,6,,,,
GP01000100286,GP01,1,7863,GP017863,1999,TSHE,6,10,,,,
GP01000100287,GP01,1,7864,GP017864,2015,TSHE,1,18,1,1,45,
GP01000100288,GP01,1,7865,GP017865,2015,TSHE,1,23.5,1,1,0,
GP01000100289,GP01,1,7866,GP017866,2015,ACMA3,1,10,1,1,90,"one live sprout, ddc"
GP01000100290,GP01,1,7867,GP017867,2015,ACMA3,1,18.1,1,1,90,"broken top at 2m, reit leader"
GP01000100291,GP01,1,7868,GP017868,2015,TSHE,1,27.9,1,1,0,
GP01000100292,GP01,1,7869,GP017869,2015,TSHE,1,26.2,1,1,0,"swelling at dbh, tag replaced"
GP01000100293,GP01,1,7870,GP017870,2015,TSHE,1,24.6,1,1,0,
GP01000100294,GP01,1,7871,GP017871,2015,TSHE,1,30.1,1,1,0,"meas 2cm above nail due to swelling, gna"
GP01000100295,GP01,1,7872,GP017872,2015,ACMA3,1,12,1,1,5,
GP01000100296,GP01,1,7873,GP017873,2015,TSHE,1,15.1,1,1,0,
GP01000100297,GP01,1,7874,GP017874,2015,TSHE,1,27,1,1,0,
GP01000100298,GP01,1,7875,GP017875,2015,TSHE,1,20.4,1,1,0,
GP01000100299,GP01,1,7876,GP017876,2015,TSHE,1,17,1,1,0,
GP01000100300,GP01,1,7877,GP017877,2015,TSHE,1,31.1,1,1,0,
GP01000100301,GP01,1,7878,GP017878,2015,TSHE,1,10.5,1,1,0,
GP01000100302,GP01,1,7879,GP017879,2015,TSHE,1,38.4,1,2,90,green needles still
GP01000100303,GP01,1,7880,GP017880,2015,CONU4,1,8,1,1,10,
GP01000100304,GP01,1,7881,GP017881,2015,TSHE,1,27.8,1,1,0,
GP01000100305,GP01,1,7882,GP017882,2015,TSHE,6,17.2,,,,
GP01000100306,GP01,1,7883,GP017883,2015,TSHE,1,19.7,1,1,0,
GP01000100307,GP01,1,7884,GP017884,1999,TSHE,6,11.1,,,,cut !
GP01000100308,GP01,1,7885,GP017885,2015,TSHE,1,22.3,1,1,0,
GP01000100309,GP01,1,7886,GP017886,2015,TSHE,1,20.9,1,1,0,
GP01000100310,GP01,1,7887,GP017887,2015,TSHE,1,27.2,1,1,0,
GP01000100311,GP01,1,7888,GP017888,2015,TSHE,1,15.5,1,1,0,
GP01000100312,GP01,1,7889,GP017889,2015,TSHE,1,33.8,1,1,0,
GP01000100313,GP01,1,7890,GP017890,2015,TSHE,1,11.4,1,1,0,ddc
GP01000100314,GP01,1,7891,GP017891,2015,TSHE,1,14.4,1,1,0,
GP01000100315,GP01,1,7892,GP017892,2015,TSHE,1,20.2,1,1,0,
GP01000100316,GP01,1,7893,GP017893,2015,TSHE,1,10.6,1,1,0,"plus fog, tag placed at approx dbh"
GP01000100317,GP01,1,7894,GP017894,2015,TSHE,1,30.1,1,1,0,
GP01000100318,GP01,1,7895,GP017895,2015,TSHE,1,16.5,1,1,0,
GP01000100319,GP01,1,7896,GP017896,2015,TSHE,1,10.1,1,1,0,
GP01000100320,GP01,1,7897,GP017897,1999,TSHE,6,6.1,,,,
GP01000100321,GP01,1,7898,GP017898,2015,TSHE,1,10.2,1,1,0,
GP01000100322,GP01,1,7899,GP017899,2015,TSHE,1,16.1,1,1,0,
GP01000100323,GP01,1,7900,GP017900,2015,TSHE,1,14,1,1,0,bole scraped by fallen snag
GP01000100324,GP01,1,8501,GP018501,2015,TSHE,1,19.4,1,1,0,
GP01000100325,GP01,1,8502,GP018502,2015,TSHE,1,29.7,1,1,0,"nnt, sweep"
GP01000100326,GP01,1,8503,GP018503,2005,ALRU2,6,10.2,,,,no mort data collected in 2005
GP01000100327,GP01,1,8504,GP018504,2015,TSHE,1,36.2,1,1,0,
GP01000100328,GP01,1,8505,GP018505,2015,TSHE,1,12.7,1,1,0,sweep
GP01000100329,GP01,1,8506,GP018506,2015,ACMA3,1,25.6,1,1,0,
GP01000100330,GP01,1,8507,GP018507,2015,TSHE,1,26.5,1,1,0,
GP01000100331,GP01,1,8508,GP018508,2015,CONU4,1,9.4,1,1,0,ddc
GP01000100332,GP01,1,8509,GP018509,2015,TSHE,1,27,1,1,0,
GP01000100457,GP01,1,8510,GP018510,2015,TSHE,6,10.7,,,,
GP01000100333,GP01,1,8511,GP018511,2015,ACMA3,1,19.7,1,1,0,
GP01000100334,GP01,1,8512,GP018512,2015,TSHE,1,21.8,1,1,0,
GP01000100458,GP01,1,8513,GP018513,2015,ACMA3,1,9.8,1,1,20,
GP01000100335,GP01,1,8514,GP018514,2015,CONU4,1,8.3,1,1,5,
GP01000100336,GP01,1,8515,GP018515,2015,ACMA3,1,30.5,1,1,0,
GP01000100337,GP01,1,8516,GP018516,2015,TSHE,1,18.4,1,1,0,
GP01000100338,GP01,1,8517,GP018517,2015,TSHE,1,34.5,1,1,0,
GP01000100339,GP01,1,8518,GP018518,2015,ACMA3,1,23.7,1,1,0,
GP01000100340,GP01,1,8519,GP018519,2015,CONU4,1,7.4,1,1,0,"forked at 2.5m, ddc"
GP01000100341,GP01,1,8520,GP018520,2015,TSHE,1,14.6,1,1,0,
GP01000100342,GP01,1,8521,GP018521,2015,TSHE,1,13.3,1,1,0,
GP01000100343,GP01,1,8522,GP018522,2015,TSHE,1,29.6,1,1,0,
GP01000100344,GP01,1,8523,GP018523,2015,TSHE,1,16.7,1,1,0,
GP01000100345,GP01,1,8524,GP018524,2015,TSHE,1,17.1,1,1,0,
GP01000100346,GP01,1,8525,GP018525,2015,TSHE,1,13.4,1,1,0,
GP01000100347,GP01,1,8526,GP018526,2015,TSHE,1,13.3,1,1,0,
GP01000100459,GP01,1,8527,GP018527,2015,TSHE,1,6.9,1,1,0,ddc
GP01000100348,GP01,1,8528,GP018528,2015,TSHE,1,12.7,1,1,0,
GP01000100349,GP01,1,8529,GP018529,2015,TSHE,1,31.1,1,1,0,
GP01000100350,GP01,1,8530,GP018530,2015,TSHE,1,29.8,1,1,0,
GP01000100351,GP01,1,8531,GP018531,2015,TSHE,1,19.4,1,1,0,
GP01000100352,GP01,1,8532,GP018532,2015,TSHE,1,18.2,1,1,0,
GP01000100353,GP01,1,8533,GP018533,2015,TSHE,1,14.3,1,2,40,
GP01000100354,GP01,1,8534,GP018534,2015,TSHE,1,14.6,1,1,0,
GP01000100355,GP01,1,8535,GP018535,2015,TSHE,1,14.4,2,1,0,"broken top, nnt"
GP01000100356,GP01,1,8536,GP018536,2015,TSHE,1,16.5,1,1,0,
GP01000100357,GP01,1,8537,GP018537,2015,TSHE,6,9.4,,,,
GP01000100358,GP01,1,8538,GP018538,2015,TSHE,1,21.6,1,1,0,
GP01000100359,GP01,1,8539,GP018539,2015,TSHE,1,26,1,1,0,
GP01000100360,GP01,1,8540,GP018540,2005,TSHE,6,10.8,,,,
GP01000100361,GP01,1,8541,GP018541,2015,TSHE,6,7.8,,,,
GP01000100362,GP01,1,8542,GP018542,2015,TSHE,1,27,1,1,0,
GP01000100363,GP01,1,8543,GP018543,2015,TSHE,1,22.8,1,1,0,scars above bh
GP01000100364,GP01,1,8544,GP018544,2015,TSHE,1,15.3,1,1,0,
GP01000100365,GP01,1,8545,GP018545,2015,TSHE,1,22.7,1,1,0,
GP01000100366,GP01,1,8546,GP018546,2015,TSHE,1,25.5,1,1,0,
GP01000100367,GP01,1,8547,GP018547,2015,ACMA3,1,18,1,1,0,forked at 3m
GP01000100368,GP01,1,8548,GP018548,2015,TSHE,1,22.7,1,1,0,
GP01000100369,GP01,1,8550,GP018550,2015,TSHE,1,17.1,1,1,0,
GP01000100370,GP01,1,8551,GP018551,2015,TSHE,1,17.5,1,1,0,
GP01000100371,GP01,1,8552,GP018552,2015,TSHE,1,23.5,1,1,0,
GP01000100372,GP01,1,8553,GP018553,2015,TSHE,1,23.3,1,1,0,
GP01000100373,GP01,1,8554,GP018554,2015,TSHE,1,16.8,1,1,0,
GP01000100374,GP01,1,8555,GP018555,2015,TSHE,1,31,1,1,0,
GP01000100375,GP01,1,8556,GP018556,2005,TSHE,6,8.4,,,,
GP01000100376,GP01,1,8557,GP018557,1994,TSHE,6,5.5,,,,destroyed by logging cable
GP01000100377,GP01,1,8558,GP018558,1994,TSHE,6,6.7,,,,dead
GP01000100378,GP01,1,8559,GP018559,2010,TSHE,6,6.9,,,,
GP01000100379,GP01,1,8560,GP018560,2015,TSHE,1,35,1,1,0,
GP01000100380,GP01,1,8561,GP018561,2015,TSHE,1,19.5,1,1,0,
GP01000100381,GP01,1,8562,GP018562,2015,ALRU2,6,14.5,,,,
GP01000100382,GP01,1,8563,GP018563,2005,TSHE,6,8.8,,,,
GP01000100383,GP01,1,8564,GP018564,2015,TSHE,6,8.9,,,,
GP01000100384,GP01,1,8565,GP018565,2015,TSHE,1,26.3,1,1,0,"hug bole scars up to 3m, from fallen tree."
GP01000100385,GP01,1,8566,GP018566,2005,TSHE,6,18.5,,,,
GP01000100386,GP01,1,8567,GP018567,2015,TSHE,1,23.6,1,1,0,
GP01000100387,GP01,1,8568,GP018568,2010,TSHE,6,17.9,,,,
GP01000100388,GP01,1,8569,GP018569,1999,CONU4,6,6,,,,
GP01000100389,GP01,1,8570,GP018570,2015,TSHE,1,24.5,1,1,0,
GP01000100390,GP01,1,8600,GP018600,2015,TSHE,1,27.7,1,1,0,
GP01000100391,GP01,1,8858,GP018858,2015,TSHE,1,22.2,1,1,0,sweep
GP01000100392,GP01,1,8859,GP018859,2005,TSHE,6,10.7,,,,
,Test,999,1,asdf,2020,TSHE,6,10.7,,,,
